date,avg_vader_score
2021-01-04,0.7184
2021-01-05,0.5669
2021-01-06,0.0412
2021-01-07,0.2538
2021-01-08,0.3245
2021-01-09,0.865
2021-01-10,0.9103
2021-01-11,0.377
2021-01-12,0.533
2021-01-13,0.4776
2021-01-14,-0.4947
2021-01-15,0.1595
2021-01-16,0.9337
2021-01-17,-0.1418
2021-01-18,-0.1263
2021-01-19,0.4808
2021-01-20,0.2679
2021-01-21,0.2219
2021-01-22,-0.0556
2021-01-23,-0.1749
2021-01-24,0.0
2021-01-25,0.5312
2021-01-26,0.0791
2021-01-27,0.1661
2021-01-28,0.1819
2021-01-29,-0.1752
2021-01-30,0.5448
2021-01-31,0.5968
2021-02-01,-0.1253
2021-02-02,0.7141
2021-02-03,0.4325
2021-02-04,-0.2011
2021-02-05,0.3037
2021-02-06,-0.2764
2021-02-07,0.3164
2021-02-08,0.0723
2021-02-09,0.3935
2021-02-10,0.15
2021-02-11,0.1148
2021-02-12,0.2598
2021-02-13,0.8511
2021-02-14,-0.1071
2021-02-15,0.5522
2021-02-16,0.4283
2021-02-17,0.0501
2021-02-18,0.048
2021-02-19,-0.8402
2021-02-20,0.0
2021-02-21,0.743
2021-02-22,0.9216
2021-02-23,0.3286
2021-02-24,0.1681
2021-02-25,-0.1725
2021-02-26,-0.5571
2021-02-27,0.0
2021-02-28,0.0
2021-03-01,0.8446
2021-03-02,0.5418
2021-03-03,0.3871
2021-03-04,0.0912
2021-03-05,0.6486
2021-03-06,0.0
2021-03-07,0.2987
2021-03-08,0.8934
2021-03-09,0.1186
2021-03-10,0.0
2021-03-11,-0.2307
2021-03-12,0.3818
2021-03-13,-0.019
2021-03-14,0.2485
2021-03-15,-0.1669
2021-03-16,-0.8689
2021-03-17,0.2681
2021-03-18,-0.2454
2021-03-19,0.3818
2021-03-20,0.0
2021-03-21,0.2469
2021-03-22,0.1977
2021-03-23,0.292
2021-03-24,0.2311
2021-03-25,0.2032
2021-03-26,0.3403
2021-03-27,0.9287
2021-03-28,0.0
2021-03-29,0.0166
2021-03-30,0.0
2021-03-31,0.4607
2021-04-01,0.0
2021-04-02,0.6795
2021-04-03,0.0
2021-04-04,0.0
2021-04-05,0.4579
2021-04-06,0.1531
2021-04-07,0.2848
2021-04-08,0.0
2021-04-09,0.3947
2021-04-10,0.9432
2021-04-11,0.0
2021-04-12,0.0
2021-04-13,-0.2263
2021-04-14,0.5683
2021-04-15,-0.0874
2021-04-16,0.098
2021-04-17,0.0
2021-04-18,0.0
2021-04-19,0.6283
2021-04-20,-0.3523
2021-04-21,0.4404
2021-04-22,0.2871
2021-04-23,0.3974
2021-04-24,0.0
2021-04-25,0.5267
2021-04-26,0.0
2021-04-27,0.8978
2021-04-28,0.9118
2021-04-29,0.5804
2021-04-30,0.3956
2021-05-01,0.0
2021-05-02,0.3818
2021-05-03,0.0
2021-05-04,-0.25
2021-05-05,0.5056
2021-05-06,0.3641
2021-05-07,-0.3153
2021-05-08,0.0
2021-05-09,0.0
2021-05-10,0.0
2021-05-11,0.9062
2021-05-12,0.0614
2021-05-13,0.0
2021-05-14,0.0
2021-05-15,0.6956
2021-05-16,0.4501
2021-05-17,-0.2597
2021-05-18,0.1132
2021-05-19,-0.059
2021-05-20,0.3061
2021-05-21,0.126
2021-05-22,0.0
2021-05-23,0.5843
2021-05-24,0.7472
2021-05-25,0.0
2021-05-26,0.7513
2021-05-27,0.6114
2021-05-28,0.2834
2021-05-29,0.0
2021-05-30,0.0
2021-05-31,0.2982
2021-06-01,0.0772
2021-06-02,-0.1531
2021-06-03,0.2164
2021-06-04,0.4803
2021-06-05,0.5719
2021-06-06,0.0
2021-06-07,0.4555
2021-06-08,0.5697
2021-06-09,-0.2553
2021-06-10,-0.4133
2021-06-11,0.9149
2021-06-12,0.0
2021-06-13,-0.004
2021-06-14,0.3632
2021-06-15,0.3818
2021-06-16,-0.0149
2021-06-17,0.0
2021-06-18,0.5297
2021-06-19,0.3612
2021-06-20,0.0
2021-06-21,-0.0607
2021-06-22,0.3815
2021-06-23,0.2049
2021-06-24,0.606
2021-06-25,0.7954
2021-06-26,0.6059
2021-06-27,0.0
2021-06-28,0.8295
2021-06-29,0.5135
2021-06-30,0.1225
2021-07-01,0.6815
2021-07-02,-0.5694
2021-07-03,0.0
2021-07-04,0.0
2021-07-05,0.2426
2021-07-06,-0.1851
2021-07-07,0.5503
2021-07-08,0.5972
2021-07-09,0.6692
2021-07-10,0.0
2021-07-11,0.7137
2021-07-12,0.6339
2021-07-13,0.1802
2021-07-14,0.8316
2021-07-15,0.9209
2021-07-16,0.0805
2021-07-17,0.0
2021-07-18,0.0
2021-07-19,0.7818
2021-07-20,0.34
2021-07-21,0.4404
2021-07-22,0.486
2021-07-23,0.9153
2021-07-24,0.0
2021-07-25,0.0
2021-07-26,0.7764
2021-07-27,-0.128
2021-07-28,0.299
2021-07-29,0.9337
2021-07-30,0.311
2021-07-31,0.0
2021-08-01,0.0
2021-08-02,-0.0013
2021-08-03,0.5899
2021-08-04,0.4615
2021-08-05,0.4979
2021-08-06,0.3243
2021-08-07,0.0
2021-08-08,0.6185
2021-08-09,0.0
2021-08-10,0.6212
2021-08-11,-0.2263
2021-08-12,0.9287
2021-08-13,0.4301
2021-08-14,0.0
2021-08-15,0.34
2021-08-16,0.5235
2021-08-17,0.2283
2021-08-18,-0.1533
2021-08-19,-0.0772
2021-08-20,0.3512
2021-08-21,0.2425
2021-08-22,0.0156
2021-08-23,0.5508
2021-08-24,0.1836
2021-08-25,0.4388
2021-08-26,0.3759
2021-08-27,0.0943
2021-08-28,0.3059
2021-08-29,0.0
2021-08-30,0.1061
2021-08-31,-0.3219
2021-09-01,0.5859
2021-09-02,0.4481
2021-09-03,0.2616
2021-09-04,0.6771
2021-09-05,0.7091
2021-09-06,0.133
2021-09-07,0.5592
2021-09-08,0.7694
2021-09-09,0.0
2021-09-10,-0.248
2021-09-11,-0.1568
2021-09-12,0.0
2021-09-13,0.4472
2021-09-14,0.6837
2021-09-15,-0.1264
2021-09-16,-0.0321
2021-09-17,0.4431
2021-09-18,-0.296
2021-09-19,0.0
2021-09-20,0.8442
2021-09-21,0.7151
2021-09-22,0.6451
2021-09-23,0.4905
2021-09-24,0.4404
2021-09-25,0.0
2021-09-26,0.5574
2021-09-27,0.194
2021-09-28,0.1072
2021-09-29,0.0234
2021-09-30,0.206
2021-10-01,0.5654
2021-10-02,0.2006
2021-10-03,-0.9398
2021-10-04,-0.0319
2021-10-05,0.4382
2021-10-06,0.6363
2021-10-07,0.2828
2021-10-08,0.7132
2021-10-09,0.0
2021-10-10,0.2021
2021-10-11,0.0
2021-10-12,0.127
2021-10-13,0.6511
2021-10-14,0.1566
2021-10-15,0.8389
2021-10-16,0.8627
2021-10-17,0.1661
2021-10-18,0.7065
2021-10-19,-0.0975
2021-10-20,0.375
2021-10-21,0.0474
2021-10-22,0.112
2021-10-23,0.0
2021-10-24,0.0
2021-10-25,0.1779
2021-10-26,-0.0484
2021-10-27,0.0511
2021-10-28,0.3912
2021-10-29,0.6965
2021-10-30,0.0
2021-10-31,0.7254
2021-11-01,0.7955
2021-11-02,0.5026
2021-11-03,0.4296
2021-11-04,0.0767
2021-11-05,0.128
2021-11-06,0.0
2021-11-07,0.6597
2021-11-08,0.6123
2021-11-09,0.214
2021-11-10,0.1623
2021-11-11,0.5605
2021-11-12,0.8824
2021-11-13,0.7723
2021-11-14,0.0
2021-11-15,0.437
2021-11-16,0.4037
2021-11-17,0.0643
2021-11-18,-0.172
2021-11-19,0.0
2021-11-20,0.8415
2021-11-21,0.8531
2021-11-22,0.5405
2021-11-23,-0.6249
2021-11-24,-0.1812
2021-11-25,0.8505
2021-11-26,-0.0136
2021-11-27,-0.0739
2021-11-28,0.1243
2021-11-29,0.2109
2021-11-30,0.2348
2021-12-01,0.166
2021-12-02,0.1291
2021-12-03,0.3809
2021-12-04,0.0
2021-12-05,0.0
2021-12-06,0.3465
2021-12-07,-0.0186
2021-12-08,0.7649
2021-12-09,0.1449
2021-12-10,0.6213
2021-12-11,0.7308
2021-12-12,-0.3182
2021-12-13,0.1749
2021-12-14,0.3711
2021-12-15,0.4908
2021-12-16,0.0846
2021-12-17,0.3597
2021-12-18,0.0
2021-12-19,0.8979
2021-12-20,-0.1843
2021-12-21,-0.0292
2021-12-22,0.3258
2021-12-23,0.0326
2021-12-24,0.9473
2021-12-25,0.4359
2021-12-26,0.6687
2021-12-27,0.2432
2021-12-28,0.365
2021-12-29,0.0446
2021-12-30,0.379
2021-12-31,0.1886
2022-01-01,-0.5345
2022-01-02,0.4195
2022-01-03,0.2461
2022-01-04,0.3976
2022-01-05,0.2721
2022-01-06,0.5758
2022-01-07,-0.241
2022-01-08,0.0
2022-01-09,0.8306
2022-01-10,0.2932
2022-01-11,0.0234
2022-01-12,0.4186
2022-01-13,0.4653
2022-01-14,0.9022
2022-01-15,-0.0331
2022-01-16,0.0
2022-01-17,0.07
2022-01-18,-0.3044
2022-01-19,-0.2345
2022-01-20,0.5561
2022-01-21,0.0797
2022-01-22,-0.7668
2022-01-23,-0.4986
2022-01-24,0.4861
2022-01-25,-0.3206
2022-01-26,-0.0818
2022-01-27,-0.0686
2022-01-28,0.0993
2022-01-29,0.2263
2022-01-30,0.3919
2022-01-31,0.2013
2022-02-01,-0.0286
2022-02-02,0.3153
2022-02-03,0.0266
2022-02-04,0.0877
2022-02-05,-0.0612
2022-02-06,0.9506
2022-02-07,-0.08
2022-02-08,0.328
2022-02-09,-0.3488
2022-02-10,0.1159
2022-02-11,0.1877
2022-02-12,-0.2164
2022-02-13,0.3523
2022-02-14,0.1074
2022-02-15,-0.073
2022-02-16,0.3454
2022-02-17,0.1261
2022-02-18,0.8207
2022-02-19,0.5003
2022-02-20,0.6597
2022-02-21,0.2136
2022-02-22,-0.2431
2022-02-23,0.0013
2022-02-24,-0.0573
2022-02-25,-0.0585
2022-02-26,0.0709
2022-02-27,0.3134
2022-02-28,0.033
2022-03-01,-0.024
2022-03-02,-0.2026
2022-03-03,0.1438
2022-03-04,-0.0344
2022-03-05,0.3522
2022-03-06,0.2049
2022-03-07,-0.2061
2022-03-08,-0.1298
2022-03-09,-0.0895
2022-03-10,-0.0324
2022-03-11,0.1496
2022-03-12,0.3477
2022-03-13,0.1646
2022-03-14,-0.0292
2022-03-15,-0.1285
2022-03-16,-0.0179
2022-03-17,-0.0954
2022-03-18,0.0934
2022-03-19,0.0984
2022-03-20,-0.0079
2022-03-21,0.0895
2022-03-22,-0.0509
2022-03-23,0.1144
2022-03-24,0.0346
2022-03-25,0.0511
2022-03-26,0.0111
2022-03-27,0.4109
2022-03-28,0.0327
2022-03-29,0.0362
2022-03-30,0.356
2022-03-31,0.084
2022-04-01,0.0566
2022-04-02,0.0895
2022-04-03,0.2341
2022-04-04,0.1103
2022-04-05,0.0368
2022-04-06,-0.056
2022-04-07,0.1614
2022-04-08,-0.1078
2022-04-09,0.6472
2022-04-10,0.1696
2022-04-11,-0.0804
2022-04-12,0.0465
2022-04-13,0.3296
2022-04-14,-0.0839
2022-04-15,0.2984
2022-04-16,-0.0312
2022-04-17,-0.1362
2022-04-18,-0.0558
2022-04-19,0.0312
2022-04-20,0.0787
2022-04-21,0.2204
2022-04-22,-0.0319
2022-04-23,-0.1905
2022-04-24,0.1499
2022-04-25,-0.1879
2022-04-26,0.2679
2022-04-27,0.3294
2022-04-28,0.0144
2022-04-29,0.3164
2022-04-30,0.0227
2022-05-01,0.2078
2022-05-02,0.2421
2022-05-03,0.3039
2022-05-04,-0.4022
2022-05-05,0.153
2022-05-06,0.1321
2022-05-07,0.3329
2022-05-08,0.384
2022-05-09,-0.0218
2022-05-10,0.2206
2022-05-11,0.6604
2022-05-12,0.4266
2022-05-13,0.4505
2022-05-14,0.0
2022-05-15,0.3348
2022-05-16,0.3122
2022-05-17,-0.0782
2022-05-18,0.3013
2022-05-19,0.2567
2022-05-20,0.27
2022-05-21,0.5789
2022-05-22,0.2738
2022-05-23,0.0154
2022-05-24,0.0351
2022-05-25,0.4635
2022-05-26,0.2319
2022-05-27,0.0012
2022-05-28,0.0532
2022-05-29,-0.256
2022-05-30,0.197
2022-05-31,-0.0469
2022-06-01,-0.0558
2022-06-02,-0.1157
2022-06-03,-0.062
2022-06-04,0.2208
2022-06-05,-0.0565
2022-06-06,-0.0177
2022-06-07,-0.1019
2022-06-08,0.2916
2022-06-09,0.0493
2022-06-10,0.0866
2022-06-11,0.0
2022-06-12,0.0048
2022-06-13,-0.0103
2022-06-14,0.4408
2022-06-15,0.2523
2022-06-16,0.1955
2022-06-17,-0.0096
2022-06-18,0.8402
2022-06-19,0.1325
2022-06-20,0.0443
2022-06-21,0.0662
2022-06-22,0.1475
2022-06-23,0.0365
2022-06-24,0.3132
2022-06-25,-0.5719
2022-06-26,-0.1717
2022-06-27,0.1463
2022-06-28,0.0464
2022-06-29,0.4321
2022-06-30,0.424
2022-07-01,-0.1804
2022-07-02,0.2036
2022-07-03,0.0654
2022-07-04,-0.0304
2022-07-05,-0.1479
2022-07-06,0.0508
2022-07-07,-0.1579
2022-07-08,0.0554
2022-07-09,0.8557
2022-07-10,0.6471
2022-07-11,-0.1703
2022-07-12,0.2815
2022-07-13,-0.0803
2022-07-14,0.0369
2022-07-15,0.1058
2022-07-16,-0.1293
2022-07-17,0.6787
2022-07-18,0.1075
2022-07-19,0.4049
2022-07-20,-0.1484
2022-07-21,-0.0064
2022-07-22,-0.0339
2022-07-23,0.0
2022-07-24,0.4909
2022-07-25,0.5664
2022-07-26,0.1322
2022-07-27,-0.1819
2022-07-28,0.2237
2022-07-29,0.1262
2022-07-30,0.3612
2022-07-31,-0.6275
2022-08-01,0.303
2022-08-02,0.2761
2022-08-03,-0.1855
2022-08-04,0.3369
2022-08-05,-0.2301
2022-08-06,0.0
2022-08-07,-0.5615
2022-08-08,-0.0933
2022-08-09,0.0529
2022-08-10,0.4736
2022-08-11,0.0831
2022-08-12,0.2502
2022-08-13,0.8501
2022-08-14,0.8637
2022-08-15,0.3688
2022-08-16,0.1615
2022-08-17,0.1332
2022-08-18,-0.0653
2022-08-19,0.3564
2022-08-20,0.8658
2022-08-21,-0.4833
2022-08-22,-0.3818
2022-08-23,-0.013
2022-08-24,0.1325
2022-08-25,0.5053
2022-08-26,0.8498
2022-08-27,0.4019
2022-08-28,-0.3818
2022-08-29,0.0566
2022-08-30,-0.3309
2022-08-31,0.385
2022-09-01,-0.0321
2022-09-02,0.4328
2022-09-03,-0.0346
2022-09-04,0.0
2022-09-05,0.2654
2022-09-06,0.1213
2022-09-07,0.5628
2022-09-08,0.2658
2022-09-09,0.4723
2022-09-10,0.4925
2022-09-11,0.3185
2022-09-12,0.187
2022-09-13,0.2221
2022-09-14,0.1963
2022-09-15,0.3582
2022-09-16,0.2536
2022-09-17,0.34
2022-09-18,0.2074
2022-09-19,-0.7096
2022-09-20,0.0412
2022-09-21,0.2673
2022-09-22,-0.0739
2022-09-23,0.2596
2022-09-24,0.2742
2022-09-25,0.1986
2022-09-26,0.2079
2022-09-27,0.5292
2022-09-28,0.3279
2022-09-29,0.2773
2022-09-30,-0.2025
2022-10-01,-0.5487
2022-10-02,0.0594
2022-10-03,-0.1952
2022-10-04,0.4394
2022-10-05,-0.0216
2022-10-06,-0.1117
2022-10-07,0.1068
2022-10-08,0.1555
2022-10-09,0.3425
2022-10-10,-0.3548
2022-10-11,0.2101
2022-10-12,-0.2373
2022-10-13,-0.0226
2022-10-14,0.125
2022-10-15,0.7387
2022-10-16,-0.3182
2022-10-17,0.143
2022-10-18,0.0008
2022-10-19,0.0451
2022-10-20,-0.1266
2022-10-21,0.0354
2022-10-22,-0.2198
2022-10-23,0.4393
2022-10-24,-0.7956
2022-10-25,0.2687
2022-10-26,0.1377
2022-10-27,0.3402
2022-10-28,0.8681
2022-10-29,0.0
2022-10-30,0.3636
2022-10-31,0.1915
2022-11-01,0.1794
2022-11-02,0.2382
2022-11-03,0.1165
2022-11-04,0.4219
2022-11-05,0.1764
2022-11-06,0.54
2022-11-07,0.3474
2022-11-08,0.293
2022-11-09,0.5357
2022-11-10,0.4175
2022-11-11,0.4474
2022-11-12,0.1231
2022-11-13,0.7506
2022-11-14,-0.1974
2022-11-15,0.0328
2022-11-16,0.1139
2022-11-17,0.0011
2022-11-18,0.0
2022-11-19,0.2728
2022-11-20,-0.0852
2022-11-21,-0.1716
2022-11-22,0.0197
2022-11-23,-0.1263
2022-11-24,-0.1362
2022-11-25,-0.088
2022-11-26,0.3018
2022-11-27,0.0837
2022-11-28,-0.1226
2022-11-29,-0.2641
2022-11-30,-0.1207
2022-12-01,0.1419
2022-12-02,0.2281
2022-12-03,-0.5847
2022-12-04,0.0
2022-12-05,0.0
2022-12-06,0.0182
2022-12-07,-0.1018
2022-12-08,0.0215
2022-12-09,0.4396
2022-12-10,0.2997
2022-12-11,0.2658
2022-12-12,-0.0069
2022-12-13,0.1713
2022-12-14,0.5235
2022-12-15,0.3173
2022-12-16,0.1296
2022-12-17,0.0
2022-12-18,0.9198
2022-12-19,0.4335
2022-12-20,0.2018
2022-12-21,-0.0429
2022-12-22,0.4404
2022-12-23,-0.2198
2022-12-24,0.4828
2022-12-25,0.0
2022-12-26,0.5423
2022-12-27,0.064
2022-12-28,-0.0071
2022-12-29,0.2905
2022-12-30,0.128
2022-12-31,0.6304
2023-01-01,0.6249
2023-01-02,0.4377
2023-01-03,0.5052
2023-01-04,-0.3937
2023-01-05,0.2672
2023-01-06,0.6545
2023-01-07,0.3506
2023-01-08,-0.9092
2023-01-09,0.3711
2023-01-10,0.5228
2023-01-11,0.0267
2023-01-12,0.2041
2023-01-13,0.5258
2023-01-14,0.3708
2023-01-15,0.3669
2023-01-16,-0.1146
2023-01-17,-0.2174
2023-01-18,0.2057
2023-01-19,0.1059
2023-01-20,-0.1082
2023-01-21,-0.5859
2023-01-22,0.5368
2023-01-23,0.0307
2023-01-24,0.759
2023-01-25,-0.3427
2023-01-26,-0.0361
2023-01-27,0.3538
2023-01-28,0.9048
2023-01-29,0.1981
2023-01-30,0.1098
2023-01-31,0.8466
2023-02-01,0.811
2023-02-02,0.469
2023-02-03,0.4167
2023-02-04,0.1979
2023-02-05,0.1584
2023-02-06,-0.0794
2023-02-07,0.368
2023-02-08,0.3419
2023-02-09,0.3915
2023-02-10,0.1834
2023-02-11,-0.3415
2023-02-12,0.0
2023-02-13,-0.223
2023-02-14,0.0451
2023-02-15,0.6302
2023-02-16,0.094
2023-02-17,0.5121
2023-02-18,0.9149
2023-02-19,0.0
2023-02-20,0.3022
2023-02-21,0.1175
2023-02-22,0.0381
2023-02-23,0.4173
2023-02-24,-0.3818
2023-02-25,-0.1403
2023-02-26,0.5574
2023-02-27,0.3674
2023-02-28,0.2314
2023-03-01,0.4354
2023-03-02,0.1774
2023-03-03,0.1768
2023-03-04,0.0883
2023-03-05,0.5647
2023-03-06,0.0913
2023-03-07,0.3143
2023-03-08,0.5107
2023-03-09,0.1779
2023-03-10,0.0736
2023-03-11,-0.1916
2023-03-12,-0.066
2023-03-13,0.0755
2023-03-14,-0.2749
2023-03-15,-0.1653
2023-03-16,0.0119
2023-03-17,0.15
2023-03-18,0.0
2023-03-19,0.0
2023-03-20,0.072
2023-03-21,-0.1046
2023-03-22,-0.0729
2023-03-23,0.2074
2023-03-24,-0.0569
2023-03-25,-0.1019
2023-03-26,0.3612
2023-03-27,0.4264
2023-03-28,0.8139
2023-03-29,0.2016
2023-03-30,0.4541
2023-03-31,0.0
2023-04-01,0.1822
2023-04-02,0.1617
2023-04-03,-0.016
2023-04-04,-0.1815
2023-04-05,0.7158
2023-04-06,0.4969
2023-04-07,0.3916
2023-04-08,0.0258
2023-04-09,0.3205
2023-04-10,0.2138
2023-04-11,0.3945
2023-04-12,-0.6124
2023-04-13,0.0202
2023-04-14,0.4092
2023-04-15,0.8973
2023-04-16,0.2623
2023-04-17,0.4875
2023-04-18,-0.008
2023-04-19,0.0
2023-04-20,0.022
2023-04-21,-0.0609
2023-04-22,0.4868
2023-04-23,0.2147
2023-04-24,0.4019
2023-04-25,0.0
2023-04-26,0.7826
2023-04-27,0.5255
2023-04-28,0.4358
2023-04-29,0.8074
2023-04-30,0.0
2023-05-01,0.2292
2023-05-02,0.0666
2023-05-03,0.6227
2023-05-04,0.5869
2023-05-05,0.0532
2023-05-06,0.4588
2023-05-07,-0.2886
2023-05-08,0.3277
2023-05-09,0.3504
2023-05-10,-0.0008
2023-05-11,-0.1795
2023-05-12,-0.2
2023-05-13,0.0
2023-05-14,0.0
2023-05-15,0.4124
2023-05-16,-0.5697
2023-05-17,-0.3854
2023-05-18,-0.2423
2023-05-19,0.1142
2023-05-20,0.0
2023-05-21,-0.8807
2023-05-22,-0.4251
2023-05-23,0.2967
2023-05-24,0.8622
2023-05-25,0.2055
2023-05-26,0.3766
2023-05-27,0.0235
2023-05-28,0.0
2023-05-29,0.4019
2023-05-30,-0.1523
2023-05-31,0.0803
2023-06-01,-0.1944
2023-06-02,0.5657
2023-06-03,0.8835
2023-06-04,-0.1207
2023-06-05,0.2068
2023-06-06,0.2532
2023-06-07,0.9382
2023-06-08,0.3421
2023-06-09,0.3162
2023-06-10,-0.0162
2023-06-11,0.5106
2023-06-12,-0.3919
2023-06-13,-0.2359
2023-06-14,0.4075
2023-06-15,0.0799
2023-06-16,0.5352
2023-06-17,0.3781
2023-06-18,-0.8079
2023-06-19,0.6508
2023-06-20,0.4369
2023-06-21,0.2669
2023-06-22,0.3397
2023-06-23,0.0
2023-06-24,-0.0772
2023-06-25,-0.2694
2023-06-26,-0.6204
2023-06-27,0.2022
2023-06-28,-0.1209
2023-06-29,0.1753
2023-06-30,0.7328
2023-07-01,0.3776
2023-07-02,0.0
2023-07-03,0.1669
2023-07-04,0.1665
2023-07-05,-0.0603
2023-07-06,-0.1562
2023-07-07,-0.765
2023-07-08,0.6219
2023-07-09,0.3948
2023-07-10,0.2514
2023-07-11,0.0418
2023-07-12,0.1995
2023-07-13,0.3049
2023-07-14,-0.0772
2023-07-15,0.5096
2023-07-16,-0.6444
2023-07-17,0.1132
2023-07-18,0.114
2023-07-19,0.0
2023-07-20,0.0
2023-07-21,-0.0334
2023-07-22,0.0
2023-07-23,0.7855
2023-07-24,0.4421
2023-07-25,0.1572
2023-07-26,-0.0566
2023-07-27,-0.1152
2023-07-28,0.2626
2023-07-29,0.0
2023-07-30,0.0
2023-07-31,0.3587
2023-08-01,0.5436
2023-08-02,0.6711
2023-08-03,0.0126
2023-08-04,0.5692
2023-08-05,0.6563
2023-08-06,-0.296
2023-08-07,0.6713
2023-08-08,0.4114
2023-08-09,-0.3578
2023-08-10,0.2061
2023-08-11,0.6442
2023-08-12,-0.1443
2023-08-13,0.4905
2023-08-14,0.3058
2023-08-15,0.1844
2023-08-16,0.3659
2023-08-17,0.296
2023-08-18,0.8658
2023-08-19,0.0516
2023-08-20,-0.6829
2023-08-21,0.2714
2023-08-22,0.0387
2023-08-23,0.0743
2023-08-24,0.6101
2023-08-25,0.0843
2023-08-26,0.0338
2023-08-27,0.1272
2023-08-28,-0.0294
2023-08-29,0.3997
2023-08-30,0.8146
2023-08-31,0.8741
2023-09-01,0.4841
2023-09-02,0.0
2023-09-03,-0.5719
2023-09-04,0.2391
2023-09-05,-0.1503
2023-09-06,0.48
2023-09-07,0.0666
2023-09-08,0.4327
2023-09-09,-0.8519
2023-09-10,0.6369
2023-09-11,0.4444
2023-09-12,0.0961
2023-09-13,0.8045
2023-09-14,0.1732
2023-09-15,0.0265
2023-09-16,0.3391
2023-09-17,-0.0795
2023-09-18,0.0306
2023-09-19,0.2066
2023-09-20,0.3282
2023-09-21,-0.1666
2023-09-22,0.337
2023-09-23,0.0
2023-09-24,0.0
2023-09-25,0.1554
2023-09-26,0.4649
2023-09-27,0.4473
2023-09-28,0.3185
2023-09-29,0.1481
2023-09-30,0.1531
2023-10-01,-0.2577
2023-10-02,-0.1683
2023-10-03,0.6933
2023-10-04,0.2076
2023-10-05,-0.1545
2023-10-06,0.1596
2023-10-07,-0.1019
2023-10-08,-0.1032
2023-10-09,-0.3482
2023-10-10,-0.2206
2023-10-11,0.0407
2023-10-12,0.1802
2023-10-13,-0.0826
2023-10-14,0.0
2023-10-15,0.31
2023-10-16,-0.2339
2023-10-17,-0.0025
2023-10-18,-0.0051
2023-10-19,0.2821
2023-10-20,-0.7845
2023-10-21,0.0
2023-10-22,0.0
2023-10-23,-0.0745
2023-10-24,0.0142
2023-10-25,0.1805
2023-10-26,0.5401
2023-10-27,0.0607
2023-10-28,0.3427
2023-10-29,0.7351
2023-10-30,-0.4198
2023-10-31,0.2289
2023-11-01,-0.1615
2023-11-02,0.303
2023-11-03,-0.0568
2023-11-04,-0.3575
2023-11-05,0.0
2023-11-06,-0.0209
2023-11-07,0.3779
2023-11-08,0.2866
2023-11-09,-0.2023
2023-11-10,-0.0026
2023-11-11,0.1206
2023-11-12,0.0529
2023-11-13,0.3346
2023-11-14,0.2006
2023-11-15,0.3125
2023-11-16,0.5338
2023-11-17,0.4968
2023-11-18,0.2365
2023-11-19,0.0
2023-11-20,0.4356
2023-11-21,-0.1474
2023-11-22,-0.2065
2023-11-23,0.4923
2023-11-24,0.7421
2023-11-25,0.0
2023-11-26,-0.1241
2023-11-27,0.8789
2023-11-28,-0.0187
2023-11-29,0.3171
2023-11-30,-0.1776
2023-12-01,0.4801
2023-12-02,0.3534
2023-12-03,0.6785
2023-12-04,0.32
2023-12-05,0.1033
2023-12-06,0.3626
2023-12-07,-0.0094
2023-12-08,0.4744
2023-12-09,0.6931
2023-12-10,0.0106
2023-12-11,0.6539
2023-12-12,0.0868
2023-12-13,0.4539
2023-12-14,0.4075
2023-12-15,0.4678
2023-12-16,0.0699
2023-12-17,0.5759
2023-12-18,0.1527
2023-12-19,-0.2201
2023-12-20,-0.3497
2023-12-21,-0.3438
2023-12-22,0.3341
2023-12-23,0.7003
2023-12-24,0.4324
2023-12-25,-0.802
2023-12-26,-0.0188
2023-12-27,0.2417
2023-12-28,0.4654
2023-12-29,-0.6598
2023-12-30,0.0257
2023-12-31,0.1472
2024-01-01,-0.1403
2024-01-02,0.0825
2024-01-03,0.4694
2024-01-04,-0.0442
2024-01-05,-0.0784
2024-01-06,0.5492
2024-01-07,-0.0091
2024-01-08,-0.3641
2024-01-09,-0.1734
2024-01-10,-0.3027
2024-01-11,-0.0928
2024-01-12,-0.2117
2024-01-13,-0.8085
2024-01-14,0.0
2024-01-15,-0.8442
2024-01-16,0.0
2024-01-17,0.2821
2024-01-18,0.0861
2024-01-19,-0.0167
2024-01-20,-0.5955
2024-01-21,0.298
2024-01-22,0.0857
2024-01-23,0.0681
2024-01-24,-0.1967
2024-01-25,0.1582
2024-01-26,0.613
2024-01-27,0.0852
2024-01-28,-0.0232
2024-01-29,-0.2608
2024-01-30,0.2765
2024-01-31,-0.015
2024-02-01,0.7175
2024-02-02,0.0557
2024-02-03,0.6597
2024-02-04,0.0
2024-02-05,0.4904
2024-02-06,0.2699
2024-02-07,0.0496
2024-02-08,-0.4513
2024-02-09,0.0426
2024-02-10,-0.285
2024-02-11,-0.7184
2024-02-12,-0.3849
2024-02-13,0.8074
2024-02-14,0.4868
2024-02-15,0.0
2024-02-16,0.2214
2024-02-17,0.5327
2024-02-18,-0.2057
2024-02-19,0.3583
2024-02-20,0.3314
2024-02-21,0.4079
2024-02-22,0.011
2024-02-23,-0.321
2024-02-24,-0.73
2024-02-25,-0.1855
2024-02-26,0.4767
2024-02-27,-0.1088
2024-02-28,-0.7579
2024-02-29,0.0516
2024-03-01,-0.0232
2024-03-02,-0.296
2024-03-03,0.3687
2024-03-04,-0.0073
2024-03-05,0.262
2024-03-06,-0.1391
2024-03-07,0.3818
2024-03-08,0.5783
2024-03-09,0.9032
2024-03-10,0.4588
2024-03-11,0.2818
2024-03-12,-0.1707
2024-03-13,-0.1001
2024-03-14,0.2637
2024-03-15,0.1938
2024-03-16,-0.6967
2024-03-17,0.0
2024-03-18,0.1265
2024-03-19,0.125
2024-03-20,0.2546
2024-03-21,-0.296
2024-03-22,-0.0208
2024-03-23,0.1041
2024-03-24,0.0
2024-03-25,0.8059
2024-03-26,0.17
2024-03-27,0.2513
2024-03-28,0.3739
2024-03-29,0.0
2024-03-30,0.7586
2024-03-31,0.0
2024-04-01,0.3818
2024-04-02,0.3703
2024-04-03,0.0733
2024-04-04,-0.2122
2024-04-05,0.2215
2024-04-06,0.0
2024-04-07,0.0
2024-04-08,-0.9192
2024-04-09,-0.4615
2024-04-10,-0.5862
2024-04-11,0.4404
2024-04-12,-0.8885
2024-04-13,-0.148
2024-04-14,-0.7006
2024-04-15,-0.3822
2024-04-16,-0.3467
2024-04-17,0.011
2024-04-18,-0.1885
2024-04-19,0.5782
2024-04-20,-0.7031
2024-04-21,0.0
2024-04-22,0.1414
2024-04-23,0.2216
2024-04-24,-0.0471
2024-04-25,0.25
2024-04-26,0.3236
2024-04-27,0.0
2024-04-28,0.6369
2024-04-29,-0.5142
2024-04-30,0.0449
2024-05-01,0.1631
2024-05-02,-0.3281
2024-05-03,0.0813
2024-05-04,0.0
2024-05-05,0.7743
2024-05-06,0.3714
2024-05-07,-0.1448
2024-05-08,-0.2582
2024-05-09,0.1299
2024-05-10,-0.3612
2024-05-11,-0.0258
2024-05-12,0.0
2024-05-13,0.025
2024-05-14,-0.2814
2024-05-15,-0.1897
2024-05-16,0.3467
2024-05-17,0.0386
2024-05-18,0.6249
2024-05-19,0.0
2024-05-20,0.245
2024-05-21,0.2112
2024-05-22,-0.0853
2024-05-23,-0.0957
2024-05-24,-0.1568
2024-05-25,-0.1026
2024-05-26,0.0
2024-05-27,-0.1181
2024-05-28,0.4167
2024-05-29,0.2312
2024-05-30,-0.1984
2024-05-31,0.1144
2024-06-01,0.9186
2024-06-02,-0.1531
2024-06-03,0.9262
2024-06-04,0.6283
2024-06-05,-0.5859
2024-06-06,0.9351
2024-06-07,0.9612
2024-06-08,0.0
2024-06-09,0.8786
2024-06-10,0.2116
2024-06-11,0.0676
2024-06-12,0.7159
2024-06-13,0.882
2024-06-14,0.9423
2024-06-15,0.7311
2024-06-16,0.6369
2024-06-17,0.0674
2024-06-18,-0.2807
2024-06-19,-0.3333
2024-06-20,0.2641
2024-06-21,-0.6597
2024-06-22,0.0
2024-06-23,0.0
2024-06-24,0.2005
2024-06-25,0.6124
2024-06-26,0.0
2024-06-27,0.5574
2024-06-28,0.6736
2024-06-29,0.0
2024-06-30,0.0
2024-07-01,0.4693
2024-07-02,-0.296
2024-07-03,0.8201
2024-07-04,0.1818
2024-07-05,0.256
2024-07-06,0.0
2024-07-07,0.0
2024-07-08,0.0
2024-07-09,0.0588
2024-07-10,0.2778
2024-07-11,0.1837
2024-07-12,0.1088
2024-07-13,0.6249
2024-07-14,0.3557
2024-07-15,0.7754
2024-07-16,0.5841
2024-07-17,0.7579
2024-07-18,0.4728
2024-07-19,0.6024
2024-07-20,-0.2451
2024-07-21,-0.2263
2024-07-22,0.6519
2024-07-23,0.1397
2024-07-24,0.8873
2024-07-25,0.6705
2024-07-26,-0.1393
2024-07-27,0.0
2024-07-28,0.0
2024-07-29,0.4939
2024-07-30,-0.3916
2024-07-31,-0.0075
2024-08-01,-0.1293
2024-08-02,-0.9042
2024-08-03,0.0
2024-08-04,0.0516
2024-08-05,-0.4467
2024-08-06,-0.0169
2024-08-07,0.2877
2024-08-08,0.1196
2024-08-09,-0.1403
2024-08-10,0.6994
2024-08-11,0.0
2024-08-12,-0.0664
2024-08-13,-0.09
2024-08-14,0.1291
2024-08-15,-0.7722
2024-08-16,0.7579
2024-08-17,0.0
2024-08-18,0.0
2024-08-19,0.8225
2024-08-20,0.5061
2024-08-21,-0.34
2024-08-22,-0.0772
2024-08-23,0.3799
2024-08-24,0.7541
2024-08-25,-0.0976
2024-08-26,0.1312
2024-08-27,-0.0727
2024-08-28,0.3362
2024-08-29,0.2449
2024-08-30,0.804
2024-08-31,0.0
2024-09-01,0.5457
2024-09-02,0.7845
2024-09-03,0.0
2024-09-04,0.0314
2024-09-05,-0.9042
2024-09-06,0.2543
2024-09-07,0.0
2024-09-08,0.0
2024-09-09,0.1183
2024-09-10,-0.0729
2024-09-11,-0.2972
2024-09-12,0.1456
2024-09-13,0.252
2024-09-14,0.3464
2024-09-15,0.3798
2024-09-16,-0.0333
2024-09-17,0.0651
2024-09-18,0.041
2024-09-19,0.3151
2024-09-20,0.2457
2024-09-21,0.4278
2024-09-22,0.6557
2024-09-23,-0.2366
2024-09-24,-0.0436
2024-09-25,0.4141
2024-09-26,0.1008
2024-09-27,0.2955
2024-09-28,0.2121
2024-09-29,0.0734
2024-09-30,-0.0772
2024-10-01,0.0561