date,vader_score,predicted_price,actual_price
2021-01-04,0.7184,48.86079329735673,47.619998931884766
2021-01-05,0.5669,48.766635919058096,49.93000030517578
2021-01-06,0.0412,49.899638235989634,50.630001068115234
2021-01-07,0.2538,50.607159973315326,50.83000183105469
2021-01-08,0.3245,51.02283549467574,52.2400016784668
2021-01-09,0.865,52.00193442108206,52.243334452311196
2021-01-10,0.9103,52.51073638141724,52.2466672261556
2021-01-11,0.377,52.71788837750273,52.25
2021-01-12,0.533,52.72993739897788,53.209999084472656
2021-01-13,0.4776,53.23172451804328,52.90999984741211
2021-01-14,-0.4947,53.29854300982458,53.56999969482422
2021-01-15,0.1595,53.62512153231216,52.36000061035156
2021-01-16,0.9337,53.14695825030731,52.515000343322754
2021-01-17,-0.1418,52.959367902154895,52.670000076293945
2021-01-18,-0.1263,52.955055510472334,52.82499980926514
2021-01-19,0.4808,53.07997208351526,52.97999954223633
2021-01-20,0.2679,53.30481903307828,53.2400016784668
2021-01-21,0.2219,53.47824477270592,53.130001068115234
2021-01-22,-0.0556,53.50674428468824,52.27000045776367
2021-01-23,-0.1749,53.15588039482429,52.436667124430336
2021-01-24,0.0,53.02134870788405,52.60333379109701
2021-01-25,0.5312,53.050983956071946,52.77000045776367
2021-01-26,0.0791,53.186392006935534,52.61000061035156
2021-01-27,0.1661,53.13733134676079,52.84999847412109
2021-01-28,0.1819,53.26692317068921,52.34000015258789
2021-01-29,-0.1752,53.1453810572375,52.20000076293945
2021-01-30,0.5448,53.02458562156801,52.65000025431315
2021-01-31,0.5968,53.151616471699526,53.09999974568685
2021-02-01,-0.1253,53.44399453183951,53.54999923706055
2021-02-02,0.7141,53.84066513870096,54.7599983215332
2021-02-03,0.4325,54.54032579993702,55.68999862670898
2021-02-04,-0.2011,55.27914250606477,56.22999954223633
2021-02-05,0.3037,55.86235156237842,56.84999847412109
2021-02-06,-0.2764,56.49667922763149,57.223332722981766
2021-02-07,0.3164,57.03925722294332,57.596666971842446
2021-02-08,0.0723,57.51816980265244,57.970001220703125
2021-02-09,0.3935,57.95453353842436,58.36000061035156
2021-02-10,0.15,58.2886574363954,58.68000030517578
2021-02-11,0.1148,58.59750956634093,58.2400016784668
2021-02-12,0.2598,58.56326980516269,59.470001220703125
2021-02-13,0.8511,59.22912561227963,59.61500072479248
2021-02-14,-0.1071,59.66825860565086,59.760000228881836
2021-02-15,0.5522,59.96314131126383,59.90499973297119
2021-02-16,0.4283,60.167647186086015,60.04999923706055
2021-02-17,0.0501,60.32040960056156,61.13999938964844
2021-02-18,0.048,60.866288697647406,60.52000045776367
2021-02-19,-0.8402,60.777541458367295,59.2400016784668
2021-02-20,0.0,60.18334575896688,59.9900016784668
2021-02-21,0.743,60.15968524299774,60.7400016784668
2021-02-22,0.9216,60.5500431476969,61.4900016784668
2021-02-23,0.3286,61.25599162183585,61.66999816894531
2021-02-24,0.1681,61.47141471181067,63.220001220703125
2021-02-25,-0.1725,62.48341985907541,63.52999877929688
2021-02-26,-0.5571,63.02052221731765,61.5
2021-02-27,0.0,62.39922342438376,61.21333312988281
2021-02-28,0.0,61.89539145616391,60.926666259765625
2021-03-01,0.8446,61.48590812055181,60.63999938964844
2021-03-02,0.5418,61.14843596220999,59.75
2021-03-03,0.3871,60.66058813837367,61.27999877929688
2021-03-04,0.0912,61.17349551655002,63.83000183105469
2021-03-05,0.6486,62.7217960860678,66.08999633789062
2021-03-06,0.0,64.43376318560354,65.74333190917969
2021-03-07,0.2987,65.29730783038713,65.39666748046875
2021-03-08,0.8934,65.5660515737784,65.05000305175781
2021-03-09,0.1186,65.45075928435995,64.01000213623047
2021-03-10,0.0,64.98946961027218,64.44000244140625
2021-03-11,-0.2307,64.90200875271512,66.0199966430664
2021-03-12,0.3818,65.52598772589886,65.61000061035156
2021-03-13,-0.019,65.5513538111179,65.53666687011719
2021-03-14,0.2485,65.52011386067875,65.46333312988281
2021-03-15,-0.1669,65.45598078899138,65.38999938964844
2021-03-16,-0.8689,65.38332511089857,64.80000305175781
2021-03-17,0.2681,65.0314329016328,64.5999984741211
2021-03-18,-0.2454,64.79857423046269,60.0
2021-03-19,0.3818,62.60124823303136,61.41999816894531
2021-03-20,0.0,62.24522440670398,61.463331858317055
2021-03-21,0.2469,61.96144493070869,61.506665547688804
2021-03-22,0.1977,61.73616831393065,61.54999923706055
2021-03-23,0.292,61.56969584740477,57.7599983215332
2021-03-24,0.2311,59.86683559689004,61.18000030517578
2021-03-25,0.2032,60.85707443182264,58.560001373291016
2021-03-26,0.3403,59.88941146513344,60.970001220703125
2021-03-27,0.9287,60.700086083091946,61.16666793823242
2021-03-28,0.0,61.24241256588766,61.36333465576172
2021-03-29,0.0166,61.57040584627839,61.560001373291016
2021-03-30,0.0,61.74777980842464,60.54999923706055
2021-03-31,0.4607,61.26241305076292,59.15999984741211
2021-04-01,0.0,60.420068815150216,61.45000076293945
2021-04-02,0.6795,61.08611325665424,60.750000953674316
2021-04-03,0.0,61.12465230990483,60.05000114440918
2021-04-04,0.0,60.7496419085328,59.35000133514404
2021-04-05,0.4579,60.10328618118092,58.650001525878906
2021-04-06,0.1531,59.28828345200759,59.33000183105469
2021-04-07,0.2848,59.44812227592092,59.77000045776367
2021-04-08,0.0,59.64986675290993,59.59999847412109
2021-04-09,0.3947,59.66520377654888,59.31999969482422
2021-04-10,0.9432,59.52327211979855,59.4466667175293
2021-04-11,0.0,59.530275171419134,59.573333740234375
2021-04-12,0.0,59.6295256781691,59.70000076293945
2021-04-13,-0.2263,59.789228266136206,60.18000030517578
2021-04-14,0.5683,60.04648627129154,63.150001525878906
2021-04-15,-0.0874,61.65720910340269,63.459999084472656
2021-04-16,0.098,62.55971722880781,63.130001068115234
2021-04-17,0.0,62.96011729469728,63.21333440144857
2021-04-18,0.0,63.21474751804362,63.2966677347819
2021-04-19,0.6283,63.37257686175008,63.380001068115234
2021-04-20,-0.3523,63.480059163558735,62.43999862670898
2021-04-21,0.4404,62.99832885769251,61.34999847412109
2021-04-22,0.2871,62.24595012510986,61.43000030517578
2021-04-23,0.3974,61.95069277064477,62.13999938964844
2021-04-24,0.0,62.07400988128052,62.063332875569664
2021-04-25,0.5267,62.12692182685828,61.98666636149088
2021-04-26,0.0,62.12176320035587,61.90999984741211
2021-04-27,0.8978,62.07375050899827,62.93999862670898
2021-04-28,0.9118,62.60254771436462,63.86000061035156
2021-04-29,0.5804,63.32660508966387,65.01000213623047
2021-04-30,0.3956,64.27965675112,63.58000183105469
2021-05-01,0.0,63.99833214207888,63.88333384195963
2021-05-02,0.3818,63.96697167522575,64.18666585286458
2021-05-03,0.0,64.10987270313194,64.48999786376953
2021-05-04,-0.25,64.36546443786801,65.69000244140625
2021-05-05,0.5056,65.0716906237435,65.62999725341797
2021-05-06,0.3641,65.26227161290785,64.70999908447266
2021-05-07,-0.3153,65.06742539065772,64.9000015258789
2021-05-08,0.0,65.00997836002375,64.9066670735677
2021-05-09,0.0,64.95323608841932,64.91333262125652
2021-05-10,0.0,64.90290214613174,64.91999816894531
2021-05-11,0.9062,64.85844206906427,65.27999877929688
2021-05-12,0.0614,65.08046474266507,66.08000183105469
2021-05-13,0.0,65.6132154103941,63.81999969482422
2021-05-14,0.0,64.80936306943522,65.37000274658203
2021-05-15,0.6956,65.24504824539804,65.67000071207683
2021-05-16,0.4501,65.59939532161798,65.96999867757161
2021-05-17,-0.2597,65.88588117708355,66.2699966430664
2021-05-18,0.1132,66.12689828549514,65.48999786376953
2021-05-19,-0.059,65.84820407818506,63.36000061035156
2021-05-20,0.3061,64.70866898563963,62.04999923706055
2021-05-21,0.126,63.43971236409857,63.58000183105469
2021-05-22,0.0,63.57818048390823,64.40333557128906
2021-05-23,0.5843,64.08017326685399,65.22666931152344
2021-05-24,0.7472,64.795354346272,66.05000305175781
2021-05-25,0.0,65.62116425387217,66.06999969482422
2021-05-26,0.7513,65.90427826966857,66.20999908447266
2021-05-27,0.6114,66.13246037999215,66.8499984741211
2021-05-28,0.2834,66.57123182412147,66.31999969482422
2021-05-29,0.0,66.4970880303083,66.67000007629395
2021-05-30,0.0,66.6101036074715,67.02000045776367
2021-05-31,0.2982,66.86256715528839,67.3700008392334
2021-06-01,0.0772,67.214938810288,67.72000122070312
2021-06-02,-0.1531,67.62957553255842,68.83000183105469
2021-06-03,0.2164,68.23489018110877,68.80999755859375
2021-06-04,0.4803,68.5336765705656,69.62000274658203
2021-06-05,0.5719,69.08108832204653,69.49000295003255
2021-06-06,0.0,69.3106878101953,69.36000315348308
2021-06-07,0.4555,69.33986064214264,69.2300033569336
2021-06-08,0.5697,69.25259889866084,70.05000305175781
2021-06-09,-0.2553,69.60604734162007,69.95999908447266
2021-06-10,-0.4133,69.72436564099803,70.29000091552734
2021-06-11,0.9149,69.9744686390543,70.91000366210938
2021-06-12,0.0,70.43629015731676,70.9000015258789
2021-06-13,-0.004,70.74370395006076,70.88999938964844
2021-06-14,0.3632,70.92835081579801,70.87999725341797
2021-06-15,0.3818,71.02310029647833,72.12000274658203
2021-06-16,-0.0149,71.60822582576634,72.1500015258789
2021-06-17,0.0,71.78595347738838,71.04000091552734
2021-06-18,0.5297,71.42686696219289,71.63999938964844
2021-06-19,0.3612,71.59702827895512,72.31333414713542
2021-06-20,0.0,71.99541886463771,72.98666890462239
2021-06-21,-0.0607,72.54698057263454,73.66000366210938
2021-06-22,0.3815,73.20172529036768,73.05999755859375
2021-06-23,0.2049,72.93115284139049,73.08000183105469
2021-06-24,0.606,72.9492198237981,73.30000305175781
2021-06-25,0.7954,73.03390094406768,74.05000305175781
2021-06-26,0.6059,73.48536591049469,73.67000325520833
2021-06-27,0.0,73.57098234293358,73.29000345865886
2021-06-28,0.8295,73.40989905604988,72.91000366210938
2021-06-29,0.5135,73.09020306876891,72.9800033569336
2021-06-30,0.1225,73.0493584841206,73.47000122070312
2021-07-01,0.6815,73.16765058427814,75.2300033569336
2021-07-02,-0.5694,74.20767317786931,75.16000366210938
2021-07-03,0.0,74.66361297114554,74.71250343322754
2021-07-04,0.0,74.69053267013601,74.2650032043457
2021-07-05,0.2426,74.4680881890863,73.81750297546387
2021-07-06,-0.1851,74.12099305708102,73.37000274658203
2021-07-07,0.5503,73.75392625934296,72.19999694824219
2021-07-08,0.5972,73.06124245050705,72.94000244140625
2021-07-09,0.6692,73.10188530115806,74.55999755859375
2021-07-10,0.0,73.86899061554368,74.4066645304362
2021-07-11,0.7137,74.1818695656691,74.25333150227864
2021-07-12,0.6339,74.19600928493446,74.0999984741211
2021-07-13,0.1802,74.02845741052693,75.25
2021-07-14,0.8316,74.55881870935286,73.12999725341797
2021-07-15,0.9209,73.70544722186173,71.6500015258789
2021-07-16,0.0805,72.66595647244526,71.80999755859375
2021-07-17,0.0,72.28321730104676,70.01333109537761
2021-07-18,0.0,71.15588056553293,68.21666463216145
2021-07-19,0.7818,69.58263309832296,66.41999816894531
2021-07-20,0.34,67.76406137086292,67.41999816894531
2021-07-21,0.4404,67.35684688773995,70.30000305175781
2021-07-22,0.486,68.80288928000255,71.91000366210938
2021-07-23,0.9153,70.2147102505412,72.06999969482422
2021-07-24,0.0,71.08721764863344,72.01666768391927
2021-07-25,0.0,71.55904726909966,71.96333567301433
2021-07-26,0.7764,71.76209646726602,71.91000366210938
2021-07-27,-0.128,71.80389732345998,71.6500015258789
2021-07-28,0.299,71.70296744668053,72.38999938964844
2021-07-29,0.9337,72.04080639410836,73.62000274658203
2021-07-30,0.311,72.82467658964629,73.94999694824219
2021-07-31,0.0,73.33446364066958,73.05333201090495
2021-08-01,0.0,73.14333770772032,72.1566670735677
2021-08-02,-0.0013,72.51990891816558,71.26000213623047
2021-08-03,0.5899,71.64876911937972,70.55999755859375
2021-08-04,0.4615,71.02064018968008,68.1500015258789
2021-08-05,0.4979,69.62140532463536,69.08999633789062
2021-08-06,0.3243,69.44048136812103,68.27999877929688
2021-08-07,0.0,68.86517530664969,67.68000030517578
2021-08-08,0.6185,68.26260895632231,67.08000183105469
2021-08-09,0.0,67.64351875767056,66.4800033569336
2021-08-10,0.6212,67.01313669501405,68.29000091552734
2021-08-11,-0.2263,67.70660910038487,69.25
2021-08-12,0.9287,68.41714243809884,69.08999633789062
2021-08-13,0.4301,68.70427803423104,68.44000244140625
2021-08-14,0.0,68.59336887439031,68.05666859944661
2021-08-15,0.34,68.29282189732066,67.67333475748698
2021-08-16,0.5235,67.88969187266252,67.29000091552734
2021-08-17,0.2283,67.44312092061159,66.58999633789062
2021-08-18,-0.1533,66.94427466403931,65.45999908447266
2021-08-19,-0.0772,66.24219319483564,63.68999862670898
2021-08-20,0.3512,65.06502292214441,62.31999969482422
2021-08-21,0.2425,63.656631429559866,63.426666259765625
2021-08-22,0.0156,63.43904428397764,64.53333282470703
2021-08-23,0.5508,64.02604043760425,65.63999938964844
2021-08-24,0.1836,65.12067268625697,67.54000091552734
2021-08-25,0.4388,66.38965288709642,68.36000061035156
2021-08-26,0.3759,67.37352531146485,67.41999816894531
2021-08-27,0.0943,67.46870969920428,68.73999786376953
2021-08-28,0.3059,68.18598409633455,68.89666493733723
2021-08-29,0.0,68.62222993561454,69.05333201090495
2021-08-30,0.1061,68.8744472107594,69.20999908447266
2021-08-31,-0.3219,69.01533875845871,68.5
2021-09-01,0.5859,68.74720545690343,68.58999633789062
2021-09-02,0.4481,68.63981223244423,69.98999786376953
2021-09-03,0.2616,69.35087479441086,69.29000091552734
2021-09-04,0.6771,69.31661145393423,69.05500030517578
2021-09-05,0.7091,69.16533191533495,68.81999969482422
2021-09-06,0.133,68.95156461609122,68.58499908447266
2021-09-07,0.5592,68.71461886653424,68.3499984741211
2021-09-08,0.7694,68.46227059528724,69.30000305175781
2021-09-09,0.0,68.90410210836262,68.13999938964844
2021-09-10,-0.248,68.5027641103818,69.72000122070312
2021-09-11,-0.1568,69.21482486264676,69.96333312988281
2021-09-12,0.0,69.72587209617268,70.2066650390625
2021-09-13,0.4472,70.08956181439748,70.44999694824219
2021-09-14,0.6837,70.35555463964374,70.45999908447266
2021-09-15,-0.1264,70.38886956834085,72.61000061035156
2021-09-16,-0.0321,71.53953146980234,72.61000061035156
2021-09-17,0.4431,72.01568920148338,71.97000122070312
2021-09-18,-0.296,72.00863637134398,71.41000111897786
2021-09-19,0.0,71.6870933390228,70.85000101725261
2021-09-20,0.8442,71.19085652480521,70.29000091552734
2021-09-21,0.7151,70.61327113115658,70.55999755859375
2021-09-22,0.6451,70.38461743486528,72.2300033569336
2021-09-23,0.4905,71.10742510735008,73.30000305175781
2021-09-24,0.4404,72.08375215623505,73.9800033569336
2021-09-25,0.0,72.96279101998016,74.47000122070312
2021-09-26,0.5574,73.74029742487596,74.95999908447266
2021-09-27,0.194,74.43689277732187,75.44999694824219
2021-09-28,0.1072,75.07560095223062,75.29000091552734
2021-09-29,0.0234,75.25425343633378,74.83000183105469
2021-09-30,0.206,75.23263907948012,75.02999877929688
2021-10-01,0.5654,75.19695312133422,75.87999725341797
2021-10-02,0.2006,75.56920736471716,76.45999908447266
2021-10-03,-0.9398,76.0524546054462,77.04000091552734
2021-10-04,-0.0319,76.61190751863614,77.62000274658203
2021-10-05,0.4382,77.22458414812695,78.93000030517578
2021-10-06,0.6363,78.09976386670292,77.43000030517578
2021-10-07,0.2828,77.70521670665721,78.30000305175781
2021-10-08,0.7132,78.04480314208763,79.3499984741211
2021-10-09,0.0,78.5934095780201,79.73999786376953
2021-10-10,0.2021,79.20077562553001,80.12999725341797
2021-10-11,0.0,79.81055462124141,80.5199966430664
2021-10-12,0.127,80.3979097041879,80.63999938964844
2021-10-13,0.6511,80.6346249006051,80.44000244140625
2021-10-14,0.1566,80.6065602956819,81.30999755859375
2021-10-15,0.8389,81.03623799040042,82.27999877929688
2021-10-16,0.8627,81.69308388561194,82.33333333333333
2021-10-17,0.1661,82.03081803615805,82.3866678873698
2021-10-18,0.7065,82.18152643175199,82.44000244140625
2021-10-19,-0.0975,82.23414494606095,82.95999908447266
2021-10-20,0.375,82.5064753627289,83.87000274658203
2021-10-21,0.0474,82.6745014430262,82.5
2021-10-22,0.112,82.2083387139387,83.76000213623047
2021-10-23,0.0,82.85704713128507,83.76000213623047
2021-10-24,0.0,83.25255580272051,83.76000213623047
2021-10-25,0.1779,83.4848695301057,83.76000213623047
2021-10-26,-0.0484,83.61238113593208,84.6500015258789
2021-10-27,0.0511,84.18407956475039,82.66000366210938
2021-10-28,0.3912,83.35228575520432,82.80999755859375
2021-10-29,0.6965,83.11757217922786,83.56999969482422
2021-10-30,0.0,83.22932233404435,83.73000081380208
2021-10-31,0.7254,83.4020695138629,83.89000193277995
2021-11-01,0.7955,83.59571843173944,84.05000305175781
2021-11-02,0.5026,83.7914580474062,83.91000366210938
2021-11-03,0.4296,83.68517304997113,80.86000061035156
2021-11-04,0.0767,82.08444260053147,78.80999755859375
2021-11-05,0.128,80.53923353902428,81.2699966430664
2021-11-06,0.0,80.92384333476139,81.48999786376953
2021-11-07,0.6597,81.26026752428606,81.70999908447266
2021-11-08,0.6123,81.54071445944282,81.93000030517578
2021-11-09,0.214,81.7668975692477,84.1500015258789
2021-11-10,0.1623,82.90988571904563,81.33999633789062
2021-11-11,0.5605,81.90672804851965,81.58999633789062
2021-11-12,0.8824,81.71038585078304,80.79000091552734
2021-11-13,0.7723,81.1913059362737,80.81999969482422
2021-11-14,0.0,80.86947471252779,80.8499984741211
2021-11-15,0.437,80.68798747277424,80.87999725341797
2021-11-16,0.4037,80.59951270538659,80.76000213623047
2021-11-17,0.0643,80.50311005389722,78.36000061035156
2021-11-18,-0.172,79.33630943265166,79.01000213623047
2021-11-19,0.0,79.14287534838263,76.0999984741211
2021-11-20,0.8415,77.31626832001712,76.31666564941406
2021-11-21,0.8531,76.54047534413735,76.53333282470703
2021-11-22,0.5405,76.36646798181619,76.75
2021-11-23,-0.6249,76.52246076017059,78.5
2021-11-24,-0.1812,77.52487961268048,78.38999938964844
2021-11-25,0.8505,77.94399378172216,73.27000045776367
2021-11-26,-0.0136,75.56926238308006,68.1500015258789
2021-11-27,-0.0739,71.6145791367203,68.75
2021-11-28,0.1243,69.84734478169025,69.3499984741211
2021-11-29,0.2109,69.45647599219274,69.94999694824219
2021-11-30,0.2348,69.90207495316577,66.18000030517578
2021-12-01,0.166,68.18265679534011,65.56999969482422
2021-12-02,0.1291,67.11414254953274,66.5
2021-12-03,0.3809,66.94414366793717,66.26000213623047
2021-12-04,0.0,66.6263785632018,67.33666737874348
2021-12-05,0.0,66.98993204548037,68.41333262125652
2021-12-06,0.3465,67.77263375578718,69.48999786376953
2021-12-07,-0.0186,68.80636329663139,72.05000305175781
2021-12-08,0.7649,70.47917828115851,72.36000061035156
2021-12-09,0.1449,71.35376851727483,70.94000244140625
2021-12-10,0.6213,71.14104394700416,71.66999816894531
2021-12-11,0.7308,71.49444261144458,71.54333241780598
2021-12-12,-0.3182,71.57667410460408,71.41666666666667
2021-12-13,0.1749,71.49747124132614,71.29000091552734
2021-12-14,0.3711,71.32732040425208,70.7300033569336
2021-12-15,0.4908,71.0176953973039,70.87000274658203
2021-12-16,0.0846,70.96998137705918,72.37999725341797
2021-12-17,0.3597,71.65495737524498,70.86000061035156
2021-12-18,0.0,71.25352767999266,69.98333485921223
2021-12-19,0.8979,70.50429809370553,69.10666910807292
2021-12-20,-0.1843,69.6010747295827,68.2300033569336
2021-12-21,-0.0292,68.66819646785666,71.12000274658203
2021-12-22,0.3258,69.76299639152012,72.76000213623047
2021-12-23,0.0326,71.14585936371896,73.79000091552734
2021-12-24,0.9473,72.34982619906464,74.23500061035156
2021-12-25,0.4359,73.32707808043074,74.68000030517578
2021-12-26,0.6687,74.13166137963958,75.125
2021-12-27,0.2432,74.81947737331984,75.56999969482422
2021-12-28,0.365,75.43345610406595,75.9800033569336
2021-12-29,0.0446,75.69786387647628,76.55999755859375
2021-12-30,0.379,76.10406182984661,76.98999786376953
2021-12-31,0.1886,76.48177861068893,75.20999908447266
2022-01-01,-0.5345,75.7819057357674,75.5
2022-01-02,0.4195,75.46917350127637,75.79000091552734
2022-01-03,0.2461,75.44010022636667,76.08000183105469
2022-01-04,0.3976,75.61010434780633,76.98999786376953
2022-01-05,0.2721,76.20284599047295,77.8499984741211
2022-01-06,0.5758,76.91838599921084,79.45999908447266
2022-01-07,-0.241,78.24901034579693,78.9000015258789
2022-01-08,0.0,78.53967235699884,78.67666880289714
2022-01-09,0.8306,78.59763551227525,78.45333607991536
2022-01-10,0.2932,78.50490337156793,78.2300033569336
2022-01-11,0.0234,78.32217952861015,81.22000122070312
2022-01-12,0.4186,79.82196176181606,82.63999938964844
2022-01-13,0.4653,81.19407257395096,82.12000274658203
2022-01-14,0.9022,81.56021715912993,83.81999969482422
2022-01-15,-0.0331,82.8118534760456,84.22249984741211
2022-01-16,0.0,83.69351488175562,84.625
2022-01-17,0.07,84.32735786143076,85.02750015258789
2022-01-18,-0.3044,84.80662544057668,85.43000030517578
2022-01-19,-0.2345,85.19848718052845,86.95999908447266
2022-01-20,0.5561,85.93890334906337,86.9000015258789
2022-01-21,0.0797,86.0763130203677,85.13999938964844
2022-01-22,-0.7668,85.48839203425996,84.52999877929688
2022-01-23,-0.4986,84.87577042313205,83.91999816894531
2022-01-24,0.4861,84.24487747567719,83.30999755859375
2022-01-25,-0.3206,83.5977200521802,85.5999984741211
2022-01-26,-0.0818,84.47139593550355,87.3499984741211
2022-01-27,-0.0686,85.94570990653074,86.61000061035156
2022-01-28,0.0993,86.25738631243848,86.81999969482422
2022-01-29,0.2263,86.47565201782982,87.26333363850911
2022-01-30,0.3919,86.79088103802769,87.70666758219402
2022-01-31,0.2013,87.15683698881958,88.1500015258789
2022-02-01,-0.0286,87.54832145999717,88.19999694824219
2022-02-02,0.3153,87.67858398396857,88.26000213623047
2022-02-03,0.0266,87.74228476851886,90.2699966430664
2022-02-04,0.0877,88.91571117261083,92.30999755859376
2022-02-05,-0.0612,90.6040098964113,91.97999827067058
2022-02-06,0.9506,91.31905473988309,91.6499989827474
2022-02-07,-0.08,91.4404619273496,91.31999969482422
2022-02-08,0.328,91.2206766671734,89.36000061035156
2022-02-09,-0.3488,90.06249296952683,89.66000366210938
2022-02-10,0.1159,89.68092752320354,89.87999725341797
2022-02-11,0.1877,89.59477400674587,93.0999984741211
2022-02-12,-0.2164,91.3708401189824,93.88666534423828
2022-02-13,0.3523,92.74168288884856,94.67333221435547
2022-02-14,0.1074,93.79820313154369,95.45999908447266
2022-02-15,-0.073,94.63037944970802,92.06999969482422
2022-02-16,0.3454,93.17960809815804,93.66000366210938
2022-02-17,0.1261,93.41945672133852,91.76000213623048
2022-02-18,0.8207,92.78779875664712,91.06999969482422
2022-02-19,0.5003,91.80866053141015,91.38999938964844
2022-02-20,0.6597,91.2121147619373,91.70999908447266
2022-02-21,0.2136,91.01931993864672,92.02999877929688
2022-02-22,-0.2431,91.17410493293936,92.3499984741211
2022-02-23,0.0013,91.60202204004509,92.0999984741211
2022-02-24,-0.0573,91.95441727434309,92.80999755859376
2022-02-25,-0.0585,92.62475576807536,91.58999633789062
2022-02-26,0.0709,92.2744407518794,92.96666463216145
2022-02-27,0.3134,92.671914364847,94.3433329264323
2022-02-28,0.033,93.57206718033558,95.72000122070312
2022-03-01,-0.024,94.77485243083991,103.41000366210938
2022-03-02,-0.2026,99.62973041144096,110.5999984741211
2022-03-03,0.1438,105.17702758875156,107.66999816894533
2022-03-04,-0.0344,106.51440347444212,115.68000030517578
2022-03-05,0.3522,111.71525264049208,116.92000071207683
2022-03-06,0.2049,114.67341709878248,118.16000111897786
2022-03-07,-0.2061,116.4392445556755,119.4000015258789
2022-03-08,-0.1298,117.61590918341246,123.6999969482422
2022-03-09,-0.0895,120.34807916628507,108.6999969482422
2022-03-10,-0.0324,113.24379375796254,106.0199966430664
2022-03-11,0.1496,109.28091015560858,109.33000183105467
2022-03-12,0.3477,108.88532812635594,107.22333526611328
2022-03-13,0.1646,107.42285096311844,105.11666870117188
2022-03-14,-0.0292,105.39987815771792,103.01000213623048
2022-03-15,-0.1285,103.06905403259223,96.44000244140624
2022-03-16,-0.0179,98.92178555670534,95.04000091552734
2022-03-17,-0.0954,96.76296979338213,102.9800033569336
2022-03-18,0.0934,99.88324454799704,104.6999969482422
2022-03-19,0.0984,101.91517748678416,107.17333221435548
2022-03-20,-0.0079,104.3523285280976,109.64666748046876
2022-03-21,0.0895,106.9703327880302,112.12000274658205
2022-03-22,-0.0509,109.63650693464297,111.76000213623048
2022-03-23,0.1144,109.79170063677432,114.93000030517578
2022-03-24,0.0346,112.13846960745288,112.33999633789062
2022-03-25,0.0511,111.50336382535308,113.9000015258789
2022-03-26,0.0111,112.05133624015116,111.25333404541016
2022-03-27,0.4109,110.89809895532154,108.6066665649414
2022-03-28,0.0327,108.80407386411844,105.95999908447266
2022-03-29,0.0362,106.2039374725182,104.23999786376952
2022-03-30,0.356,104.81170041924996,107.81999969482422
2022-03-31,0.084,105.86729320954193,100.27999877929688
2022-04-01,0.0566,102.15495799199152,99.2699966430664
2022-04-02,0.0895,100.15566928185854,100.60666402180989
2022-04-03,0.2341,99.84411863220885,101.94333140055339
2022-04-04,0.1103,100.565236454976,103.27999877929688
2022-04-05,0.0368,101.85955130197,101.95999908447266
2022-04-06,-0.056,101.46583989705596,96.2300033569336
2022-04-07,0.1614,98.49185634947072,96.02999877929688
2022-04-08,-0.1078,96.8474360800442,98.26000213623048
2022-04-09,0.6472,97.1043927941646,96.93666839599611
2022-04-10,0.1696,96.57659377909658,95.61333465576172
2022-04-11,-0.0804,95.57076378808688,94.29000091552734
2022-04-12,0.0465,94.27878591155512,100.5999984741211
2022-04-13,0.3296,97.3764140600315,104.25
2022-04-14,-0.0839,100.58245458264172,106.9499969482422
2022-04-15,0.2984,103.66198954949004,107.26499748229982
2022-04-16,-0.0312,105.46262005080052,107.57999801635744
2022-04-17,-0.1362,106.46942465281018,107.89499855041504
2022-04-18,-0.0558,107.02196621165103,108.20999908447266
2022-04-19,0.0312,107.34157574150458,102.55999755859376
2022-04-20,0.0787,104.4041925048582,102.75
2022-04-21,0.2204,102.74048960919616,103.79000091552734
2022-04-22,-0.0319,102.6728484618934,102.06999969482422
2022-04-23,-0.1905,101.6308740263803,100.8933334350586
2022-04-24,0.1499,100.51583520493568,99.71666717529297
2022-04-25,-0.1879,99.3685713423638,98.54000091552734
2022-04-26,0.2679,98.20723325857762,101.6999969482422
2022-04-27,0.3294,99.6706693132828,102.0199966430664
2022-04-28,0.0144,100.45398932519174,105.36000061035156
2022-04-29,0.3164,102.68388881338204,104.69000244140624
2022-04-30,0.0227,103.45073475548544,104.8500010172526
2022-05-01,0.2078,103.9129780811968,105.00999959309897
2022-05-02,0.2421,104.1741214307417,105.16999816894533
2022-05-03,0.3039,104.31585397341678,102.41000366210938
2022-05-04,-0.4022,102.86057635595309,107.80999755859376
2022-05-05,0.153,105.0683165435048,108.26000213623048
2022-05-06,0.1321,106.26818844069749,109.7699966430664
2022-05-07,0.3329,107.54008723469268,107.54332987467448
2022-05-08,0.384,106.9832594833897,105.31666310628255
2022-05-09,-0.0218,105.38950850627224,103.08999633789062
2022-05-10,0.2206,103.23606358313693,99.76000213623048
2022-05-11,0.6604,100.9757887187816,105.70999908447266
2022-05-12,0.4266,103.34551868624384,106.12999725341795
2022-05-13,0.4505,104.25641842195228,110.48999786376952
2022-05-14,0.0,107.19049531698056,111.72666422526041
2022-05-15,0.3348,109.28247162914612,112.96333058675131
2022-05-16,0.3122,110.86804320964576,114.1999969482422
2022-05-17,-0.0782,112.16227421913436,112.4000015258789
2022-05-18,0.3013,111.67097071812351,109.58999633789062
2022-05-19,0.2567,110.08019073260267,112.20999908447266
2022-05-20,0.27,110.65858044231848,113.2300033569336
2022-05-21,0.5789,111.06986104445195,112.25000254313152
2022-05-22,0.2738,110.90602683942326,111.27000172932942
2022-05-23,0.0154,110.35272026334589,110.29000091552734
2022-05-24,0.0351,109.56836276230796,109.7699966430664
2022-05-25,0.4635,108.86581494698066,110.33000183105467
2022-05-26,0.2319,108.87289397634048,114.08999633789062
2022-05-27,0.0012,110.9034802751976,115.06999969482422
2022-05-28,0.0532,112.20431348823423,114.96999931335449
2022-05-29,-0.256,112.87004615901516,114.86999893188477
2022-05-30,0.197,113.2029229740938,114.76999855041505
2022-05-31,-0.0469,113.37474794135323,114.66999816894533
2022-06-01,-0.0558,113.47202564680494,115.26000213623048
2022-06-02,-0.1157,113.84266601820948,116.87000274658205
2022-06-03,-0.062,114.71133261058688,118.87000274658205
2022-06-04,0.2208,116.13774916682634,118.74666849772136
2022-06-05,-0.0565,116.62602403795564,118.62333424886069
2022-06-06,-0.0177,116.6288692732942,118.5
2022-06-07,-0.1019,116.39330684257584,119.41000366210938
2022-06-08,0.2916,116.74479558384702,122.11000061035156
2022-06-09,0.0493,118.49209495205288,121.51000213623048
2022-06-10,0.0866,118.8749703593976,120.66999816894533
2022-06-11,0.0,118.62703665679284,120.75666554768881
2022-06-12,0.0048,118.57511504174728,120.8433329264323
2022-06-13,-0.0103,118.62588389109398,120.93000030517578
2022-06-14,0.4408,118.73551714889985,118.93000030517578
2022-06-15,0.2523,117.7973597442574,115.30999755859376
2022-06-16,0.1955,115.52427346111246,117.58999633789062
2022-06-17,-0.0096,115.7689060619432,109.55999755859376
2022-06-18,0.8402,111.80436666885818,109.83249855041505
2022-06-19,0.1325,109.61573619268712,110.10499954223633
2022-06-20,0.0443,108.61587438409106,110.37750053405762
2022-06-21,0.0662,108.37426517329776,110.6500015258789
2022-06-22,0.1475,108.59368888423204,106.19000244140624
2022-06-23,0.0365,106.50913743113595,104.2699966430664
2022-06-24,0.3132,105.05946120699991,107.62000274658205
2022-06-25,-0.5719,106.1104429344964,108.27000172932944
2022-06-26,-0.1717,106.98386206545956,108.92000071207683
2022-06-27,0.1463,107.7202697532689,109.56999969482422
2022-06-28,0.0464,108.34984749985824,111.76000213623048
2022-06-29,0.4321,109.50327865891904,109.77999877929688
2022-06-30,0.424,109.0438176904172,105.76000213623048
2022-07-01,-0.1804,106.69862067296437,108.43000030517578
2022-07-02,0.2036,107.16092163696068,106.19750022888184
2022-07-03,0.0654,106.1470327657471,103.96500015258789
2022-07-04,-0.0304,104.3651451867313,101.73250007629395
2022-07-05,-0.1479,102.18480938374796,99.5
2022-07-06,0.0508,99.80806850489898,98.52999877929688
2022-07-07,-0.1579,98.74368325623118,102.7300033569336
2022-07-08,0.0554,100.7834759611469,104.79000091552734
2022-07-09,0.8557,102.60650155607982,104.55666605631511
2022-07-10,0.6471,103.36072995362474,104.32333119710286
2022-07-11,-0.1703,103.47798194473124,104.08999633789062
2022-07-12,0.2815,103.2372792269648,95.83999633789062
2022-07-13,-0.0803,98.93397343404877,96.3000030517578
2022-07-14,0.0369,97.33346305806072,95.77999877929688
2022-07-15,0.1058,95.91173092243388,97.58999633789062
2022-07-16,-0.1293,96.40810135267566,99.25999704996745
2022-07-17,0.6787,97.639611428458,100.92999776204427
2022-07-18,0.1075,99.2654931295092,102.5999984741211
2022-07-19,0.4049,101.06408009162624,104.22000122070312
2022-07-20,-0.1484,102.3642111655554,102.26000213623048
2022-07-21,-0.0064,101.60388358949469,96.3499984741211
2022-07-22,-0.0339,98.46695661037528,94.6999969482422
2022-07-23,0.0,96.17698230974202,95.36666361490887
2022-07-24,0.4909,95.26172826359834,96.03333028157553
2022-07-25,0.5664,95.18534181651648,96.6999969482422
2022-07-26,0.1322,95.58645188127956,94.9800033569336
2022-07-27,-0.1819,95.00191059460712,97.26000213623048
2022-07-28,0.2237,95.8946804697789,96.41999816894533
2022-07-29,0.1262,95.81480952638005,98.62000274658205
2022-07-30,0.3612,97.12872663009875,97.04333496093751
2022-07-31,-0.6275,96.98144509253687,95.46666717529297
2022-08-01,0.303,95.93796158192708,93.88999938964844
2022-08-02,0.2761,94.37229616910918,94.41999816894533
2022-08-03,-0.1855,94.25200506843294,90.66000366210938
2022-08-04,0.3369,92.25915612668132,88.54000091552734
2022-08-05,-0.2301,90.15766425765604,89.01000213623047
2022-08-06,0.0,89.45205113353859,89.59333546956381
2022-08-07,-0.5615,89.36289518641979,90.17666880289714
2022-08-08,-0.0933,89.6422574738508,90.76000213623048
2022-08-09,0.0529,90.12307080700202,90.5
2022-08-10,0.4736,90.13329898265738,91.93000030517578
2022-08-11,0.0831,90.825781057496,94.33999633789062
2022-08-12,0.2502,92.5657918025786,92.08999633789062
2022-08-13,0.8501,92.16034314691252,91.19666544596355
2022-08-14,0.8637,91.40455851567413,90.30333455403645
2022-08-15,0.3688,90.4740041248001,89.41000366210938
2022-08-16,0.1615,89.4707835761451,86.52999877929688
2022-08-17,0.1332,87.90307462413375,88.11000061035156
2022-08-18,-0.0653,87.81139831200971,90.5
2022-08-19,0.3564,89.20003559239103,90.7699966430664
2022-08-20,0.8658,89.80756931491169,90.58999888102214
2022-08-21,-0.4833,89.95863925974754,90.41000111897786
2022-08-22,-0.3818,89.89132822262218,90.2300033569336
2022-08-23,-0.013,89.74343886314637,93.73999786376952
2022-08-24,0.1325,91.63660501101094,94.88999938964844
2022-08-25,0.5053,93.0144639321079,92.5199966430664
2022-08-26,0.8498,92.51114546860843,93.05999755859376
2022-08-27,0.4019,92.58502727021732,94.37666575113934
2022-08-28,-0.3818,93.3362951558538,95.6933339436849
2022-08-29,0.0566,94.50187227350534,97.01000213623048
2022-08-30,-0.3309,95.90109927878392,91.63999938964844
2022-08-31,0.385,93.40429785239849,89.55000305175781
2022-09-01,-0.0321,91.20279307930878,86.61000061035156
2022-09-02,0.4328,88.71587399886903,86.87000274658203
2022-09-03,-0.0346,87.69831723679545,86.87250137329102
2022-09-04,0.0,87.12403556484287,86.875
2022-09-05,0.2654,86.84949917381482,86.87749862670898
2022-09-06,0.1213,86.76122352050243,86.87999725341797
2022-09-07,0.5628,86.76926144132995,81.94000244140625
2022-09-08,0.2658,84.20429488323316,83.54000091552734
2022-09-09,0.4723,83.88668173397627,86.79000091552734
2022-09-10,0.4925,85.42633656075259,87.12000020345052
2022-09-11,0.3185,86.4483629098313,87.4499994913737
2022-09-12,0.187,87.1095159568813,87.77999877929688
2022-09-13,0.2221,87.53068938464867,87.30999755859375
2022-09-14,0.1963,87.21267800724127,88.4800033569336
2022-09-15,0.3582,87.6982595985105,85.0999984741211
2022-09-16,0.2536,86.18245654201246,85.11000061035156
2022-09-17,0.34,85.65686350130454,85.31666819254558
2022-09-18,0.2074,85.34930561284818,85.52333577473958
2022-09-19,-0.7096,85.2197347482961,85.7300033569336
2022-09-20,0.0412,85.2154380761458,84.44999694824219
2022-09-21,0.2673,84.41667100387212,82.94000244140625
2022-09-22,-0.0739,83.4634542873273,83.48999786376953
2022-09-23,0.2596,83.38712547853038,78.73999786376953
2022-09-24,0.2742,80.85583015852853,78.0633316040039
2022-09-25,0.1986,79.13584085769753,77.38666534423828
2022-09-26,0.2079,77.93570434837852,76.70999908447266
2022-09-27,0.5292,77.05797020581076,78.5
2022-09-28,0.3279,77.7568710896544,82.1500015258789
2022-09-29,0.2773,79.95783091895919,81.2300033569336
2022-09-30,-0.2025,80.47898581172649,79.48999786376953
2022-10-01,-0.5487,79.94248341563207,80.86999766031902
2022-10-02,0.0594,80.3026912574619,82.24999745686848
2022-10-03,-0.1952,81.24987167361996,83.62999725341797
2022-10-04,0.4394,82.56065535057542,86.5199966430664
2022-10-05,-0.0216,84.63464327799466,87.76000213623047
2022-10-06,-0.1117,86.15385223314843,88.44999694824219
2022-10-07,0.1068,87.26164435022247,92.63999938964844
2022-10-08,0.1555,89.97204278091885,92.13666534423828
2022-10-09,0.3425,91.18965679018584,91.63333129882811
2022-10-10,-0.3548,91.42103258547968,91.12999725341795
2022-10-11,0.2101,91.0500411445214,89.3499984741211
2022-10-12,-0.2373,89.97222093561777,87.2699966430664
2022-10-13,-0.0226,88.51896589797116,89.11000061035156
2022-10-14,0.125,88.72237140553534,85.61000061035156
2022-10-15,0.7387,86.88884516305461,85.56000010172527
2022-10-16,-0.3182,85.86478575447063,85.50999959309895
2022-10-17,0.143,85.36515090136345,85.45999908447266
2022-10-18,0.0008,85.19198977386213,82.81999969482422
2022-10-19,0.0451,83.82147187432929,85.55000305175781
2022-10-20,-0.1266,84.54560260744574,85.9800033569336
2022-10-21,0.0354,84.88146613365325,85.05000305175781
2022-10-22,-0.2198,84.76039429620823,84.89333597819011
2022-10-23,0.4393,84.63051952069918,84.73666890462239
2022-10-24,-0.7956,84.48433835039532,84.58000183105469
2022-10-25,0.2687,84.31759603189903,85.31999969482422
2022-10-26,0.1377,84.65010605789166,87.91000366210938
2022-10-27,0.3402,86.24064501058456,89.08000183105469
2022-10-28,0.8681,87.4894989702907,87.9000015258789
2022-10-29,0.0,87.5355257607398,87.44333394368489
2022-10-30,0.3636,87.28543324237171,86.98666636149089
2022-10-31,0.1915,86.8726854838942,86.52999877929688
2022-11-01,0.1794,86.3799986640447,88.37000274658203
2022-11-02,0.2382,87.31616492793455,90.0
2022-11-03,0.1165,88.45860289410348,88.16999816894531
2022-11-04,0.4219,88.14408125285718,92.61000061035156
2022-11-05,0.1764,90.4404691226514,92.33666737874348
2022-11-06,0.54,91.60618771609325,92.06333414713542
2022-11-07,0.3474,92.02687383836064,91.79000091552734
2022-11-08,0.293,91.986558477965,88.91000366210938
2022-11-09,0.5357,90.23015226073812,85.83000183105469
2022-11-10,0.4175,87.85163507474408,86.47000122070312
2022-11-11,0.4474,87.01397787966607,88.95999908447266
2022-11-12,0.1231,87.93364911437402,87.93000030517578
2022-11-13,0.7506,87.88293266346818,86.9000015258789
2022-11-14,-0.1974,87.2183213193216,85.87000274658203
2022-11-15,0.0328,86.1822574279372,86.91999816894531
2022-11-16,0.1139,86.51629748840287,85.58999633789062
2022-11-17,0.0011,85.85841934390646,81.63999938964844
2022-11-18,0.0,83.65066867666656,80.08000183105469
2022-11-19,0.2728,81.74125377229211,79.96333567301433
2022-11-20,-0.0852,80.4266345294659,79.84666951497395
2022-11-21,-0.1716,79.5884219109148,79.7300033569336
2022-11-22,0.0197,79.10386208924228,80.94999694824219
2022-11-23,-0.1263,79.83100049286395,77.94000244140625
2022-11-24,-0.1362,78.65663615668063,77.11000061035156
2022-11-25,-0.088,77.78133330176865,76.27999877929688
2022-11-26,0.3018,77.0718400731057,76.5999984741211
2022-11-27,0.0837,76.78753923262389,76.91999816894531
2022-11-28,-0.1226,76.79227867159943,77.23999786376953
2022-11-29,-0.2641,76.98343342369117,78.19999694824219
2022-11-30,-0.1207,77.68404249670675,80.55000305175781
2022-12-01,0.1419,79.09264882289881,81.22000122070312
2022-12-02,0.2281,80.20238492212866,79.9800033569336
2022-12-03,-0.5847,80.03874983117521,78.96333567301433
2022-12-04,0.0,79.45431334138448,77.94666798909505
2022-12-05,0.0,78.64254359601205,76.93000030517578
2022-12-06,0.0182,77.72400678754866,74.25
2022-12-07,-0.1018,75.86365778319305,72.01000213623047
2022-12-08,0.0215,73.88091912060486,71.45999908447266
2022-12-09,0.4396,72.71943694110632,71.0199966430664
2022-12-10,0.2997,71.78089702784564,71.73666381835938
2022-12-11,0.2658,71.6199761761286,72.45333099365234
2022-12-12,-0.0069,71.9492689378526,73.16999816894531
2022-12-13,0.1713,72.57072492610905,75.38999938964844
2022-12-14,0.5235,74.0057636457916,77.27999877929688
2022-12-15,0.3173,75.67059310793206,76.11000061035156
2022-12-16,0.1296,75.86399575313658,74.29000091552734
2022-12-17,0.0,75.1443922453102,74.59000142415364
2022-12-18,0.9198,74.82425873104808,74.89000193277995
2022-12-19,0.4335,74.80205227181273,75.19000244140625
2022-12-20,0.2018,74.99079931554706,76.08999633789062
2022-12-21,-0.0429,75.28067535013611,78.29000091552734
2022-12-22,0.4404,76.66616872406598,77.48999786376953
2022-12-23,-0.2198,76.97810712217802,79.55999755859375
2022-12-24,0.4828,78.21040579449527,79.55249786376953
2022-12-25,0.0,78.93947246074049,79.54499816894531
2022-12-26,0.5423,79.32557823196407,79.5374984741211
2022-12-27,0.064,79.49151099454912,79.52999877929688
2022-12-28,-0.0071,79.5254049260177,78.95999908447266
2022-12-29,0.2905,79.12721607433241,78.4000015258789
2022-12-30,0.128,78.64935801324555,80.26000213623047
2022-12-31,0.6304,79.36038127638153,79.4275016784668
2023-01-01,0.6249,79.34412728002758,78.59500122070312
2023-01-02,0.4377,78.8681503229675,77.76250076293945
2023-01-03,0.5052,78.11710513070466,76.93000030517578
2023-01-04,-0.3937,77.226420713479,72.83999633789062
2023-01-05,0.2672,74.91874359960207,73.66999816894531
2023-01-06,0.6545,74.28806024591063,73.7699966430664
2023-01-07,0.3506,73.95713527275393,74.0566635131836
2023-01-08,-0.9092,73.97334211051111,74.34333038330078
2023-01-09,0.3711,74.20450569211948,74.62999725341797
2023-01-10,0.5228,74.56123427747639,75.12000274658203
2023-01-11,0.0267,74.78967838000426,77.41000366210938
2023-01-12,0.2041,76.16071764402363,78.38999938964844
2023-01-13,0.5258,77.22167865458141,79.86000061035156
2023-01-14,0.3708,78.56417910778782,79.94000053405762
2023-01-15,0.3669,79.3399668438235,80.02000045776367
2023-01-16,-0.1146,79.74897597354584,80.10000038146973
2023-01-17,-0.2174,79.93708637622376,80.18000030517578
2023-01-18,0.2057,80.0026053866718,79.4800033569336
2023-01-19,0.1059,79.7808394654312,80.33000183105469
2023-01-20,-0.1082,80.13936531730951,81.30999755859375
2023-01-21,-0.5859,80.45266083503975,81.41333262125652
2023-01-22,0.5368,80.7208779741004,81.51666768391927
2023-01-23,0.0307,80.93928515528205,81.62000274658203
2023-01-24,0.759,81.11716214246053,80.12999725341797
2023-01-25,-0.3427,80.50374931487568,80.1500015258789
2023-01-26,-0.0361,80.24833835476056,81.01000213623047
2023-01-27,0.3538,80.54986518267424,79.68000030517578
2023-01-28,0.9048,79.98402489954378,79.08666737874348
2023-01-29,0.1981,79.38637614289087,78.4933344523112
2023-01-30,0.1098,78.7619858419464,77.9000015258789
2023-01-31,0.8466,78.12006826253514,78.87000274658203
2023-02-01,0.811,78.40982640063226,76.41000366210938
2023-02-02,0.469,77.25855929717886,75.87999725341797
2023-02-03,0.4167,76.44641228303226,73.38999938964844
2023-02-04,0.1979,74.93453648967647,73.62999979654948
2023-02-05,0.1584,74.18912150988376,73.87000020345052
2023-02-06,-0.0794,73.93370269000252,74.11000061035156
2023-02-07,0.368,73.97569480050561,77.13999938964844
2023-02-08,0.3419,75.5171573734915,78.47000122070312
2023-02-09,0.3915,76.85753568984319,78.05999755859375
2023-02-10,0.1834,77.3717792282614,79.72000122070312
2023-02-11,-0.3415,78.65261719626687,79.86000061035156
2023-02-12,0.0,79.38237028208732,80.0
2023-02-13,-0.223,79.75038025176082,80.13999938964844
2023-02-14,0.0451,79.89463839928521,79.05999755859375
2023-02-15,0.6302,79.45844495844608,78.58999633789062
2023-02-16,0.094,78.93319774744782,78.48999786376953
2023-02-17,0.5121,78.6942818165146,76.33999633789062
2023-02-18,0.9149,77.45022493406896,76.29499816894531
2023-02-19,0.0,76.61333799607155,76.25
2023-02-20,0.3022,76.10388629506974,76.20500183105469
2023-02-21,0.1175,75.84081730282333,76.16000366210938
2023-02-22,0.0381,75.7571658119166,73.94999694824219
2023-02-23,0.4173,74.73889381112531,75.38999938964844
2023-02-24,-0.3818,75.07377486656674,76.31999969482422
2023-02-25,-0.1403,75.58128520533478,76.1066665649414
2023-02-26,0.5574,75.79564198703815,75.8933334350586
2023-02-27,0.3674,75.7995561505702,75.68000030517578
2023-02-28,0.2314,75.66137622218525,77.05000305175781
2023-03-01,0.4354,76.36267695462016,77.69000244140625
2023-03-02,0.1774,76.93730445628239,78.16000366210938
2023-03-03,0.1768,77.4814517848979,79.68000030517578
2023-03-04,0.0883,78.51468878039805,79.93999989827473
2023-03-05,0.5647,79.21858585557743,80.1999994913737
2023-03-06,0.0913,79.692453775393,80.45999908447266
2023-03-07,0.3143,80.01563163906894,77.58000183105469
2023-03-08,0.5107,78.67719468495102,76.66000366210938
2023-03-09,0.1779,77.63741836403187,75.72000122070312
2023-03-10,0.0736,76.67426952302253,76.68000030517578
2023-03-11,-0.1916,76.5879535713982,76.05333455403645
2023-03-12,-0.066,76.22297223160626,75.42666880289714
2023-03-13,0.0755,75.67910523464934,74.80000305175781
2023-03-14,-0.2749,75.02403564658289,71.33000183105469
2023-03-15,-0.1653,73.09973958500495,67.61000061035156
2023-03-16,0.0119,70.40492969046363,68.3499984741211
2023-03-17,0.15,69.36699779466267,66.73999786376953
2023-03-18,0.0,68.0910066824365,67.03999837239583
2023-03-19,0.0,67.47970289209616,67.33999888102214
2023-03-20,0.072,67.29739823666523,67.63999938964844
2023-03-21,-0.1046,67.38090301193756,69.33000183105469
2023-03-22,-0.0729,68.15275300514281,70.9000015258789
2023-03-23,0.2074,69.34562447063695,69.95999908447266
2023-03-24,-0.0569,69.67990032408647,69.26000213623047
2023-03-25,-0.1019,69.50895565063342,70.44333394368489
2023-03-26,0.3612,70.01832089420782,71.62666575113933
2023-03-27,0.4264,70.97280041317731,72.80999755859375
2023-03-28,0.8139,72.19883485189007,73.19999694824219
2023-03-29,0.2016,72.73126326920783,72.97000122070312
2023-03-30,0.4541,72.87202120088295,74.37000274658203
2023-03-31,0.0,73.68857230398362,75.66999816894531
2023-04-01,0.1822,74.63573962053147,77.25333150227864
2023-04-02,0.1617,75.81011181648091,78.83666483561198
2023-04-03,-0.016,77.15482610381355,80.41999816894531
2023-04-04,-0.1815,78.62331860806148,80.70999908447266
2023-04-05,0.7158,79.74076775778553,80.61000061035156
2023-04-06,0.4969,80.20050381810188,80.69999694824219
2023-04-07,0.3916,80.64286193550788,80.45999717712402
2023-04-08,0.0258,80.59198304943538,80.21999740600586
2023-04-09,0.3205,80.3106977392249,79.9799976348877
2023-04-10,0.2138,79.95018074659401,79.73999786376953
2023-04-11,0.3945,79.59038161260287,81.52999877929688
2023-04-12,-0.6124,80.34437945700802,83.26000213623047
2023-04-13,0.0202,81.61910776680952,82.16000366210938
2023-04-14,0.4092,81.73149718260447,82.5199966430664
2023-04-15,0.8973,82.03070275958817,81.9566650390625
2023-04-16,0.2623,81.92477931139501,81.3933334350586
2023-04-17,0.4875,81.56297855696312,80.83000183105469
2023-04-18,-0.008,81.05023361395342,80.86000061035156
2023-04-19,0.0,80.91130438786422,79.16000366210938
2023-04-20,0.022,79.95933999405588,77.29000091552734
2023-04-21,-0.0609,78.36711381156738,77.87000274658203
2023-04-22,0.4868,77.976376018172,78.16666920979817
2023-04-23,0.2147,77.91677279169676,78.46333567301433
2023-04-24,0.4019,78.05786083354928,78.76000213623047
2023-04-25,0.0,78.3091585160571,77.06999969482422
2023-04-26,0.7826,77.5519617468376,74.30000305175781
2023-04-27,0.5255,75.88045148348783,74.76000213623047
2023-04-28,0.4358,75.33874854213832,76.77999877929688
2023-04-29,0.8074,76.02973464149045,76.4066670735677
2023-04-30,0.0,76.23320826702775,76.03333536783855
2023-05-01,0.2292,76.0990001404598,75.66000366210938
2023-05-02,0.0666,75.74446180993073,71.66000366210938
2023-05-03,0.6227,73.58350819022053,68.5999984741211
2023-05-04,0.5869,71.07072523937359,68.55999755859375
2023-05-05,0.0532,69.86405464447967,71.33999633789062
2023-05-06,0.4588,70.5662802093957,71.94666544596355
2023-05-07,-0.2886,71.30417339300334,72.55333455403645
2023-05-08,0.3277,72.01967934275467,73.16000366210938
2023-05-09,0.3504,72.6922447702234,73.70999908447266
2023-05-10,-0.0008,73.14962814054525,72.55999755859375
2023-05-11,-0.1795,72.79073025973685,70.87000274658203
2023-05-12,-0.2,71.8287970625554,70.04000091552734
2023-05-13,0.0,70.92041769185221,70.39666748046875
2023-05-14,0.0,70.56402183659475,70.75333404541016
2023-05-15,0.4124,70.5738282048012,71.11000061035156
2023-05-16,-0.5697,70.814551881944,70.86000061035156
2023-05-17,-0.3854,70.72176996271787,72.83000183105469
2023-05-18,-0.2423,71.78048570008491,71.86000061035156
2023-05-19,0.1142,71.79333117786109,71.55000305175781
2023-05-20,0.0,71.76718173595123,71.69666798909505
2023-05-21,-0.8807,71.73114732817362,71.8433329264323
2023-05-22,-0.4251,71.71848000509635,71.98999786376953
2023-05-23,0.2967,71.7450198153906,72.91000366210938
2023-05-24,0.8622,72.25469420976606,74.33999633789062
2023-05-25,0.2055,73.11043410678394,71.83000183105469
2023-05-26,0.3766,72.39309159168056,72.66999816894531
2023-05-27,0.0235,72.6162958501227,71.86749839782715
2023-05-28,0.0,72.30491025556171,71.06499862670898
2023-05-29,0.4019,71.66392798831976,70.26249885559082
2023-05-30,-0.1523,70.83494273520364,69.45999908447266
2023-05-31,0.0803,69.90062613627606,68.08999633789062
2023-06-01,-0.1944,68.93924312272361,70.0999984741211
2023-06-02,0.5657,69.66928701989082,71.73999786376953
2023-06-03,0.8835,70.67200192359155,71.87666575113933
2023-06-04,-0.1207,71.22391470114212,72.01333363850911
2023-06-05,0.2068,71.46560774944078,72.1500015258789
2023-06-06,0.2532,71.50940236630936,71.73999786376953
2023-06-07,0.9382,71.57666624483795,72.52999877929688
2023-06-08,0.3421,72.09513309758927,71.29000091552734
2023-06-09,0.3162,71.63397965944773,70.16999816894531
2023-06-10,-0.0162,70.9759652790051,69.15333302815755
2023-06-11,0.5106,70.04777667773578,68.1366678873698
2023-06-12,-0.3919,68.97177993457399,67.12000274658203
2023-06-13,-0.2359,67.8273089088998,69.41999816894531
2023-06-14,0.4075,68.59850130167229,68.2699966430664
2023-06-15,0.0799,68.39287934005984,70.62000274658203
2023-06-16,0.5352,69.54475950527126,71.77999877929688
2023-06-17,0.3781,70.63575006228439,71.45999908447266
2023-06-18,-0.8079,71.07866884300756,71.13999938964844
2023-06-19,0.6508,71.11260731315087,70.81999969482422
2023-06-20,0.4369,70.91548699856753,70.5
2023-06-21,0.2669,70.60266306680501,72.52999877929688
2023-06-22,0.3397,71.5521673538151,69.51000213623047
2023-06-23,0.0,70.48051706132242,69.16000366210938
2023-06-24,-0.0772,69.8272342600892,69.2300033569336
2023-06-25,-0.2694,69.44713335018787,69.30000305175781
2023-06-26,-0.6204,69.25681173330577,69.37000274658203
2023-06-27,0.2022,69.19309260930117,67.69999694824219
2023-06-28,-0.1209,68.41990121600998,69.55999755859375
2023-06-29,0.1753,68.97541638636949,69.86000061035156
2023-06-30,0.7328,69.40707474215242,70.63999938964844
2023-07-01,0.3776,69.99487521184619,70.3566665649414
2023-07-02,0.0,70.21883138791463,70.07333374023438
2023-07-03,0.1669,70.20190145167362,69.79000091552734
2023-07-04,0.1665,70.03612850433319,70.79000091552734
2023-07-05,-0.0603,70.41048130527247,71.79000091552734
2023-07-06,-0.1562,71.14253992249064,71.80000305175781
2023-07-07,-0.765,71.4242339405398,73.86000061035156
2023-07-08,0.6219,72.67691298642853,73.56999969482422
2023-07-09,0.3948,73.22981871443335,73.27999877929688
2023-07-10,0.2514,73.31480112573786,72.98999786376953
2023-07-11,0.0418,73.10607193658257,74.83000183105469
2023-07-12,0.1995,73.95938316586671,75.75
2023-07-13,0.3049,74.78650827433239,76.88999938964844
2023-07-14,-0.0772,75.76812494582191,75.41999816894531
2023-07-15,0.5096,75.50769421507266,74.99666595458984
2023-07-16,-0.6444,75.16671398111544,74.57333374023438
2023-07-17,0.1132,74.79148088636975,74.1500015258789
2023-07-18,0.114,74.40987876113786,75.75
2023-07-19,0.0,75.0832275452974,75.3499984741211
2023-07-20,0.0,75.18559313935634,75.62999725341797
2023-07-21,-0.0334,75.22715820256644,77.06999969482422
2023-07-22,0.0,76.03571068367023,77.62666575113933
2023-07-23,0.7855,76.81376989211708,78.18333180745442
2023-07-24,0.4421,77.5531040328483,78.73999786376953
2023-07-25,0.1572,78.25468509694178,79.62999725341797
2023-07-26,-0.0566,78.9209731911958,78.77999877929688
2023-07-27,-0.1152,78.84252748538825,80.08999633789062
2023-07-28,0.2626,79.48877055609228,80.58000183105469
2023-07-29,0.0,80.01378197410668,80.98666890462239
2023-07-30,0.0,80.48404226126922,81.39333597819011
2023-07-31,0.3587,80.92439875823447,81.80000305175781
2023-08-01,0.5436,81.35049763944244,81.37000274658203
2023-08-02,0.6711,81.22981879030385,79.48999786376953
2023-08-03,0.0126,80.12108350129438,81.55000305175781
2023-08-04,0.5692,80.75369511760937,82.81999969482422
2023-08-05,0.6563,81.67447719926349,82.52666727701823
2023-08-06,-0.296,82.04823003805495,82.23333485921223
2023-08-07,0.6713,82.06438447737128,81.94000244140625
2023-08-08,0.4114,81.86046546508669,82.91999816894531
2023-08-09,-0.3578,82.12183412792729,84.4000015258789
2023-08-10,0.2061,83.10654754727148,82.81999969482422
2023-08-11,0.6442,82.86969611490804,83.19000244140625
2023-08-12,-0.1443,82.99868011692251,82.96333567301433
2023-08-13,0.4905,82.91156770899715,82.73666890462239
2023-08-14,0.3058,82.69667122335295,82.51000213623047
2023-08-15,0.1844,82.41091632613734,80.98999786376953
2023-08-16,0.3659,81.5152278578098,79.37999725341797
2023-08-17,0.296,80.24905097355622,80.38999938964844
2023-08-18,0.8658,80.27849365747397,81.25
2023-08-19,0.0516,80.7101153343483,81.07333374023438
2023-08-20,-0.6829,80.83621218227154,80.89666748046875
2023-08-21,0.2714,80.7746230548878,80.72000122070312
2023-08-22,0.0387,80.60383557675732,80.3499984741211
2023-08-23,0.0743,80.19464043256994,78.88999938964844
2023-08-24,0.6101,79.32891601264669,79.05000305175781
2023-08-25,0.0843,79.04585963513523,79.83000183105469
2023-08-26,0.0338,79.31840750533274,79.92000071207683
2023-08-27,0.1272,79.57191378212269,80.00999959309895
2023-08-28,-0.0294,79.76731018800183,80.0999984741211
2023-08-29,0.3997,79.89894555112369,81.16000366210938
2023-08-30,0.8146,80.4955122799729,81.62999725341797
2023-08-31,0.8741,80.94822432929232,83.62999725341797
2023-09-01,0.4841,82.21363619630938,85.55000305175781
2023-09-02,0.0,83.82406035730764,85.83500289916992
2023-09-03,-0.5719,84.90209539981879,86.12000274658203
2023-09-04,0.2391,85.61325751882305,86.40500259399414
2023-09-05,-0.1503,86.08774636016278,86.69000244140625
2023-09-06,0.48,86.43466595739119,87.54000091552734
2023-09-07,0.0666,87.03429275518647,86.87000274658203
2023-09-08,0.4327,86.86480999823334,87.51000213623047
2023-09-09,-0.8519,87.10189722358064,87.4366683959961
2023-09-10,0.6369,87.1431976746644,87.36333465576172
2023-09-11,0.4444,87.07793017673248,87.29000091552734
2023-09-12,0.0961,86.96093493798617,88.83999633789062
2023-09-13,0.8045,87.72762892461105,88.5199966430664
2023-09-14,0.1732,87.88201569075318,90.16000366210938
2023-09-15,0.0265,88.89458412125714,90.7699966430664
2023-09-16,0.3391,89.58476590454211,91.0066655476888
2023-09-17,-0.0795,90.15439459494657,91.2433344523112
2023-09-18,0.0306,90.61500308930316,91.4800033569336
2023-09-19,0.2066,90.99526381444912,91.1999969482422
2023-09-20,0.3282,90.9837728363691,90.27999877929688
2023-09-21,-0.1666,90.1036100260676,89.62999725341797
2023-09-22,0.337,89.70450158174526,90.02999877929688
2023-09-23,0.0,89.65153199788256,89.91333262125652
2023-09-24,0.0,89.58918309310639,89.79666646321614
2023-09-25,0.1554,89.48346399883258,89.68000030517578
2023-09-26,0.4649,89.32964313585171,90.38999938964844
2023-09-27,0.4473,89.66963041935469,93.68000030517578
2023-09-28,0.3185,91.55729997077331,91.70999908447266
2023-09-29,0.1481,91.47185383326725,90.79000091552734
2023-09-30,0.1531,91.10082047355628,90.13333384195964
2023-10-01,-0.2577,90.50212112816416,89.47666676839192
2023-10-02,-0.1683,89.79161922951471,88.81999969482422
2023-10-03,0.6933,89.03270641135714,89.2300033569336
2023-10-04,0.2076,88.93670722786237,84.22000122070312
2023-10-05,-0.1545,86.20778594832291,82.30999755859375
2023-10-06,0.1596,84.03883632653788,82.79000091552734
2023-10-07,-0.1019,83.21202036887325,83.98666636149089
2023-10-08,-0.1032,83.3460870196509,85.18333180745442
2023-10-09,-0.3482,84.0662302314181,86.37999725341797
2023-10-10,-0.2206,85.11557188771576,85.97000122070312
2023-10-11,0.0407,85.42142158700017,83.48999786376953
2023-10-12,0.1802,84.33531718459699,82.91000366210938
2023-10-13,-0.0826,83.68622625863236,87.69000244140625
2023-10-14,0.0,85.76232060337406,87.34666951497395
2023-10-15,0.31,86.70107011039818,87.00333658854167
2023-10-16,-0.2339,86.89505437829621,86.66000366210938
2023-10-17,-0.0025,86.6283620338645,86.66000366210938
2023-10-18,-0.0051,86.47763791873831,88.31999969482422
2023-10-19,0.2821,87.29449293279595,89.37000274658203
2023-10-20,-0.7845,88.24544079685165,88.75
2023-10-21,0.0,88.01651724858993,87.66333262125652
2023-10-22,0.0,87.45965805822243,86.57666524251302
2023-10-23,-0.0745,86.66931665523862,85.48999786376953
2023-10-24,0.0142,85.73414596172506,83.73999786376953
2023-10-25,0.1805,84.4036028327223,85.38999938964844
2023-10-26,0.5401,84.70996079688302,83.20999908447266
2023-10-27,0.0607,83.73931635890904,85.54000091552734
2023-10-28,0.3427,84.5936310183356,84.46333312988281
2023-10-29,0.7351,84.51847593461389,83.38666534423828
2023-10-30,-0.4198,83.85099315590833,82.30999755859375
2023-10-31,0.2289,82.82317153927079,81.0199966430664
2023-11-01,-0.1615,81.78130190063939,80.44000244140625
2023-11-02,0.303,81.03949717342175,82.45999908447266
2023-11-03,-0.0568,81.62463580231997,80.51000213623047
2023-11-04,-0.3575,80.81333502299321,80.61333465576172
2023-11-05,0.0,80.49373073298375,80.71666717529297
2023-11-06,-0.0209,80.44474867047029,80.81999969482422
2023-11-07,0.3779,80.53914446167482,77.37000274658203
2023-11-08,0.2866,78.77486013886505,75.33000183105469
2023-11-09,-0.2023,77.00075634823861,75.73999786376953
2023-11-10,-0.0026,76.35458401542974,77.16999816894531
2023-11-11,0.1206,76.72899445465396,77.53333282470703
2023-11-12,0.0529,77.11326366052549,77.89666748046875
2023-11-13,0.3346,77.48684882430621,78.26000213623047
2023-11-14,0.2006,77.84182730173848,78.26000213623047
2023-11-15,0.3125,77.96255068955179,76.66000366210938
2023-11-16,0.5338,77.22501381534198,72.9000015258789
2023-11-17,0.4968,75.1060051475381,75.88999938964844
2023-11-18,0.2365,75.59380843269969,76.45999908447266
2023-11-19,0.0,76.08579835328578,77.02999877929688
2023-11-20,0.4356,76.59104245948674,77.5999984741211
2023-11-21,-0.1474,77.10957219036709,77.7699966430664
2023-11-22,-0.2065,77.27963918993578,77.0999984741211
2023-11-23,0.4923,76.96790514574309,76.31999969482422
2023-11-24,0.7421,76.49789637109666,75.54000091552734
2023-11-25,0.0,75.91335508442421,75.31333414713542
2023-11-26,-0.1241,75.4861715554905,75.08666737874348
2023-11-27,0.8789,75.1673349026396,74.86000061035156
2023-11-28,-0.0187,74.91990422506706,76.41000366210938
2023-11-29,0.3171,75.60581553542215,77.86000061035156
2023-11-30,-0.1776,76.60532365454242,75.95999908447266
2023-12-01,0.4801,76.18496764245242,74.06999969482422
2023-12-02,0.3534,75.23501010892892,73.72666676839192
2023-12-03,0.6785,74.45404016709244,73.38333384195964
2023-12-04,0.32,73.8081141069556,73.04000091552734
2023-12-05,0.1033,73.26192323914665,72.31999969482422
2023-12-06,0.3626,72.71863786488325,69.37999725341797
2023-12-07,-0.0094,71.04794763713289,69.33999633789062
2023-12-08,0.4744,70.26218847780206,71.2300033569336
2023-12-09,0.6931,70.69816708503367,71.26000213623047
2023-12-10,0.0106,70.9696093481291,71.29000091552734
2023-12-11,0.6539,71.11263613229335,71.31999969482422
2023-12-12,0.0868,71.16325040623951,68.61000061035156
2023-12-13,0.4539,69.87397104941192,69.47000122070312
2023-12-14,0.4075,69.67760527237692,71.58000183105469
2023-12-15,0.4678,70.61696522123702,71.43000030517578
2023-12-16,0.0699,70.97097694743547,71.77666727701823
2023-12-17,0.5759,71.37554530929515,72.12333424886067
2023-12-18,0.1527,71.8070831486641,72.47000122070312
2023-12-19,-0.2201,72.25775689863417,73.44000244140625
2023-12-20,-0.3497,72.76721907932415,74.22000122070312
2023-12-21,-0.3438,73.353924421604,73.88999938964844
2023-12-22,0.3341,73.5654647871113,73.55999755859375
2023-12-23,0.7003,73.57615144912415,74.06249809265137
2023-12-24,0.4324,73.83844232452384,74.56499862670898
2023-12-25,-0.802,74.26217803604914,75.0674991607666
2023-12-26,-0.0188,74.7834167663218,75.56999969482422
2023-12-27,0.2417,75.36284658508862,74.11000061035156
2023-12-28,0.4654,74.73188813958268,71.7699966430664
2023-12-29,-0.6598,73.3315922061106,71.6500015258789
2023-12-30,0.0257,72.51137321214992,71.33250045776367
2023-12-31,0.1472,71.87116644183266,71.01499938964844
2024-01-01,-0.1403,71.36430584373124,70.6974983215332
2024-01-02,0.0825,70.9502481242323,70.37999725341797
2024-01-03,0.4694,70.6114450454927,72.69999694824219
2024-01-04,-0.0442,71.65147811877205,72.19000244140625
2024-01-05,-0.0784,71.818566266978,73.80999755859375
2024-01-06,0.5492,72.8161146844102,72.79666392008464
2024-01-07,-0.0091,72.8959017903037,71.78333028157552
2024-01-08,-0.3641,72.37436962876222,70.7699966430664
2024-01-09,-0.1734,71.48160499343453,72.23999786376953
2024-01-10,-0.3027,71.91083730140576,71.37000274658203
2024-01-11,-0.0928,71.65696161560777,72.0199966430664
2024-01-12,-0.2117,71.9297059799585,72.68000030517578
2024-01-13,-0.8085,72.28602323755467,72.61000061035156
2024-01-14,0.0,72.46940730086726,72.54000091552734
2024-01-15,-0.8442,72.53107240599024,72.47000122070312
2024-01-16,0.0,72.51284036849393,72.4000015258789
2024-01-17,0.2821,72.4452018411132,72.55999755859375
2024-01-18,0.0861,72.54626533391684,74.08000183105469
2024-01-19,-0.0167,73.38965753834668,73.41000366210938
2024-01-20,-0.5955,73.42801319705427,74.00333658854167
2024-01-21,0.298,73.66123865731038,74.59666951497395
2024-01-22,0.0857,74.06743661068072,75.19000244140625
2024-01-23,0.0681,74.62560052222557,74.37000274658203
2024-01-24,-0.1967,74.43693469607456,75.08999633789062
2024-01-25,0.1582,74.70583301486636,77.36000061035156
2024-01-26,0.613,75.99433687476926,78.01000213623047
2024-01-27,0.0852,76.90298347752082,77.60000101725261
2024-01-28,-0.0232,77.21692873591769,77.18999989827473
2024-01-29,-0.2608,77.13707875189516,76.77999877929688
2024-01-30,0.2765,76.81225033733222,77.81999969482422
2024-01-31,-0.015,77.25994785586158,75.8499984741211
2024-02-01,0.7175,76.46648350580267,73.81999969482422
2024-02-02,0.0557,75.0772986617144,72.27999877929688
2024-02-03,0.6597,73.66239928277537,72.44666544596355
2024-02-04,0.0,72.92066267353084,72.6133321126302
2024-02-05,0.4904,72.61331699875996,72.77999877929688
2024-02-06,0.2699,72.57344702511159,73.30999755859375
2024-02-07,0.0496,72.86698309079452,73.86000061035156
2024-02-08,-0.4513,73.25784926037,76.22000122070312
2024-02-09,0.0426,74.68559149716316,76.83999633789062
2024-02-10,-0.285,75.65655032578229,76.86666361490886
2024-02-11,-0.7184,76.23478022025347,76.89333089192708
2024-02-12,-0.3849,76.54630205076069,76.91999816894531
2024-02-13,0.8074,76.68954890837654,77.87000274658203
2024-02-14,0.4868,77.20055160322772,76.63999938964844
2024-02-15,0.0,76.85393329703425,78.02999877929688
2024-02-16,0.2214,77.51749667236368,79.19000244140625
2024-02-17,0.5327,78.29711473442603,78.93750190734863
2024-02-18,-0.2057,78.55003938852246,78.68500137329102
2024-02-19,0.3583,78.50283625307611,78.4325008392334
2024-02-20,0.3314,78.30442693684768,78.18000030517578
2024-02-21,0.4079,78.04338838418448,77.91000366210938
2024-02-22,0.011,77.97217890305933,78.61000061035156
2024-02-23,-0.321,78.2032141084876,76.48999786376953
2024-02-24,-0.73,77.24176821680612,76.85333251953125
2024-02-25,-0.1855,76.91042143620052,77.21666717529297
2024-02-26,0.4767,76.979511400393,77.58000183105469
2024-02-27,-0.1088,77.29093367386258,78.87000274658203
2024-02-28,-0.7579,78.01241828571574,78.54000091552734
2024-02-29,0.0516,78.19680053932666,78.26000213623047
2024-03-01,-0.0232,78.19193272417101,79.97000122070312
2024-03-02,-0.296,79.07666991835936,79.56000010172527
2024-03-03,0.3687,79.34468270350067,79.14999898274739
2024-03-04,-0.0073,79.20821358420972,78.73999786376953
2024-03-05,0.262,78.82108342346737,78.1500015258789
2024-03-06,-0.1391,78.38326039111757,79.12999725341797
2024-03-07,0.3818,78.80301382113771,78.93000030517578
2024-03-08,0.5783,78.72323981485442,78.01000213623047
2024-03-09,0.9032,78.25737313695777,77.98333485921223
2024-03-10,0.4588,77.98246471699963,77.95666758219402
2024-03-11,0.2818,77.83679443149413,77.93000030517578
2024-03-12,-0.1707,77.7747965962717,77.55999755859375
2024-03-13,-0.1001,77.55024569789953,79.72000122070312
2024-03-14,0.2637,78.53033233491601,81.26000213623047
2024-03-15,0.1938,79.81934183977319,81.04000091552734
2024-03-16,-0.6967,80.35310903725485,81.60000101725261
2024-03-17,0.0,80.94842868321166,82.16000111897786
2024-03-18,0.1265,81.58155904409114,82.72000122070312
2024-03-19,0.125,82.23789667442634,83.47000122070312
2024-03-20,0.2546,82.77067878121989,81.68000030517578
2024-03-21,-0.296,81.90411860616496,81.06999969482422
2024-03-22,-0.0208,81.33264549064234,80.62999725341797
2024-03-23,0.1041,80.86004823301755,81.0699971516927
2024-03-24,0.0,80.80542809826784,81.50999704996745
2024-03-25,0.8059,81.02820530941699,81.94999694824219
2024-03-26,0.17,81.42313235815891,81.62000274658203
2024-03-27,0.2513,81.41420366383682,81.3499984741211
2024-03-28,0.3739,81.30134266207415,83.16999816894531
2024-03-29,0.0,82.12993492688383,83.30499839782715
2024-03-30,0.7586,82.68372880846118,83.43999862670898
2024-03-31,0.0,83.05184881486048,83.57499885559082
2024-04-01,0.3818,83.29626134223963,83.70999908447266
2024-04-02,0.3703,83.4626054325854,85.1500015258789
2024-04-03,0.0733,84.18981719402427,85.43000030517578
2024-04-04,-0.2122,84.66134552345557,86.58999633789062
2024-04-05,0.2215,85.51441833983381,86.91000366210938
2024-04-06,0.0,86.05933068568584,86.75000254313152
2024-04-07,0.0,86.3004316316028,86.59000142415364
2024-04-08,-0.9192,86.35390424049774,86.43000030517578
2024-04-09,-0.4615,86.29961421592543,85.2300033569336
2024-04-10,-0.5862,85.63720360629486,86.20999908447266
2024-04-11,0.4404,85.76540163169648,85.0199966430664
2024-04-12,-0.8885,85.15403758314915,85.66000366210938
2024-04-13,-0.148,85.30539047956563,85.57667032877605
2024-04-14,-0.7006,85.31648846933922,85.4933369954427
2024-04-15,-0.3822,85.23090085604281,85.41000366210938
2024-04-16,-0.3467,85.0813557058359,85.36000061035156
2024-04-17,0.011,85.07554471874482,82.69000244140625
2024-04-18,-0.1885,83.7014584853896,82.7300033569336
2024-04-19,0.5782,83.18535480232094,83.13999938964844
2024-04-20,-0.7031,83.24026836833946,83.04333241780598
2024-04-21,0.0,83.06075130996214,82.94666544596355
2024-04-22,0.1414,82.78380983049874,82.8499984741211
2024-04-23,0.2216,82.4829694221603,83.36000061035156
2024-04-24,-0.0471,82.70955599995978,82.80999755859375
2024-04-25,0.25,82.53218203781353,83.56999969482422
2024-04-26,0.3236,82.91592725927649,83.8499984741211
2024-04-27,0.0,83.26901939283789,83.44333140055339
2024-04-28,0.6369,83.23835582524816,83.03666432698567
2024-04-29,-0.5142,82.98171874161699,82.62999725341797
2024-04-30,0.0449,82.60105978832053,81.93000030517578
2024-05-01,0.1631,82.07660379377921,79.0
2024-05-02,-0.3281,80.39488631415043,78.94999694824219
2024-05-03,0.0813,79.60226295906728,78.11000061035156
2024-05-04,0.0,78.73292042680282,78.23333485921223
2024-05-05,0.7743,78.31041345871563,78.35666910807292
2024-05-06,0.3714,78.1745076226639,78.4800033569336
2024-05-07,-0.1448,78.21330604819673,78.37999725341797
2024-05-08,-0.2582,78.12138346340066,78.98999786376953
2024-05-09,0.1299,78.4118096816187,79.26000213623047
2024-05-10,-0.3612,78.71470148891672,78.26000213623047
2024-05-11,-0.0258,78.35529796315404,78.54666900634766
2024-05-12,0.0,78.30504785837184,78.83333587646484
2024-05-13,0.025,78.4587403451726,79.12000274658203
2024-05-14,-0.2814,78.74146661250666,78.0199966430664
2024-05-15,-0.1897,78.22816100617979,78.62999725341797
2024-05-16,0.3467,78.26320770334723,79.2300033569336
2024-05-17,0.0386,78.65287394862708,80.05999755859375
2024-05-18,0.6249,79.30869283439779,79.97333272298177
2024-05-19,0.0,79.60495885884939,79.8866678873698
2024-05-20,0.245,79.68257142944731,79.80000305175781
2024-05-21,0.2112,79.63729131678042,79.26000213623047
2024-05-22,-0.0853,79.12539784843466,77.56999969482422
2024-05-23,-0.0957,78.2317555392226,76.87000274658203
2024-05-24,-0.1568,77.50619956851483,77.72000122070312
2024-05-25,-0.1026,77.50133437328122,78.24750137329102
2024-05-26,0.0,77.80029629751493,78.7750015258789
2024-05-27,-0.1181,78.28075070134628,79.3025016784668
2024-05-28,0.4167,78.86034819512383,79.83000183105469
2024-05-29,0.2312,79.4854904136946,79.2300033569336
2024-05-30,-0.1984,79.3089260074596,77.91000366210938
2024-05-31,0.1144,78.50554001262435,76.98999786376953
2024-06-01,0.9186,77.70223261545038,76.06666564941406
2024-06-02,-0.1531,76.75816728660129,75.1433334350586
2024-06-03,0.9262,75.75072866345727,74.22000122070312
2024-06-04,0.6283,74.7206932126935,73.25
2024-06-05,-0.5859,73.86349925894183,74.06999969482422
2024-06-06,0.9351,73.95212860173001,75.55000305175781
2024-06-07,0.9612,74.65697670861096,75.52999877929688
2024-06-08,0.0,74.96321677627975,76.26666514078777
2024-06-09,0.8786,75.5603415485241,77.00333150227864
2024-06-10,0.2116,76.33402024731527,77.73999786376953
2024-06-11,0.0676,77.2094121795767,77.9000015258789
2024-06-12,0.7159,77.44177830540275,78.5
2024-06-13,0.882,77.89680636580806,78.62000274658203
2024-06-14,0.9423,78.17555559148104,78.44999694824219
2024-06-15,0.7311,78.34494141131859,79.07666524251302
2024-06-16,0.6369,78.7389148084369,79.70333353678386
2024-06-17,0.0674,79.27623724013074,80.33000183105469
2024-06-18,-0.2807,79.90029743089781,81.56999969482422
2024-06-19,-0.3333,80.64350119648634,81.86999893188477
2024-06-20,0.2641,81.08619466391383,82.16999816894531
2024-06-21,-0.6597,81.40857083144465,80.7300033569336
2024-06-22,0.0,81.01948096901424,81.03000132242839
2024-06-23,0.0,80.94202559373889,81.32999928792317
2024-06-24,0.2005,81.07412730298438,81.62999725341797
2024-06-25,0.6124,81.33760762299153,80.83000183105469
2024-06-26,0.0,80.93330125333614,80.9000015258789
2024-06-27,0.5574,80.81894689600904,81.73999786376953
2024-06-28,0.6736,81.17644573844655,81.54000091552734
2024-06-29,0.0,81.24761330081901,82.15333302815755
2024-06-30,0.0,81.59636160363334,82.76666514078777
2024-07-01,0.4693,82.12956289795375,83.37999725341797
2024-07-02,-0.296,82.7787900598646,82.80999755859375
2024-07-03,0.8201,82.67519310244552,83.87999725341797
2024-07-04,0.1818,83.1779142237192,83.52000045776367
2024-07-05,0.256,83.26662478409071,83.16000366210938
2024-07-06,0.0,83.09916460695467,82.88333638509114
2024-07-07,0.0,82.87374651438631,82.60666910807292
2024-07-08,0.0,82.59920488351418,82.33000183105469
2024-07-09,0.0588,82.29061474577293,81.41000366210938
2024-07-10,0.2778,81.67221358661845,82.0999984741211
2024-07-11,0.1837,81.68061305668789,82.62000274658203
2024-07-12,0.1088,81.93534283707186,82.20999908447266
2024-07-13,0.6249,81.87333452216126,82.11000061035156
2024-07-14,0.3557,81.83417192746447,82.01000213623047
2024-07-15,0.7754,81.78815037685945,81.91000366210938
2024-07-16,0.5841,81.72655076978754,80.76000213623047
2024-07-17,0.7579,81.08876218751584,82.8499984741211
2024-07-18,0.4728,81.95553719617828,82.81999969482422
2024-07-19,0.6024,82.32711025983008,80.12999725341797
2024-07-20,-0.2451,81.21503719013799,80.01333109537761
2024-07-21,-0.2263,80.38299710791989,79.89666493733723
2024-07-22,0.6519,79.80873639534366,79.77999877929688
2024-07-23,0.1397,79.44670246784995,76.95999908447266
2024-07-24,0.8873,78.06545598755156,77.58999633789062
2024-07-25,0.6705,77.68903606812046,78.27999877929688
2024-07-26,-0.1393,77.81011314540956,77.16000366210938
2024-07-27,0.0,77.3499605174884,76.71000162760417
2024-07-28,0.0,76.8900253430968,76.25999959309895
2024-07-29,0.4939,76.4277007998021,75.80999755859375
2024-07-30,-0.3916,75.96315980245913,74.7300033569336
2024-07-31,-0.0075,75.22326499841074,77.91000366210938
2024-08-01,-0.1293,76.59469725073654,76.30999755859375
2024-08-02,-0.9042,76.28027254660583,73.5199966430664
2024-08-03,0.0,74.80916012031503,73.32666524251302
2024-08-04,0.0516,73.85504215058745,73.13333384195964
2024-08-05,-0.4467,73.25457697773845,72.94000244140625
2024-08-06,-0.0169,72.88574959238758,73.19999694824219
2024-08-07,0.2877,72.91311729804738,75.2300033569336
2024-08-08,0.1196,74.11933988627197,76.19000244140625
2024-08-09,-0.1403,75.07504028891344,76.83999633789062
2024-08-10,0.6994,75.94653901701918,77.913330078125
2024-08-11,0.0,76.9602785526763,78.98666381835938
2024-08-12,-0.0664,78.07105738087921,80.05999755859375
2024-08-13,-0.09,79.24907650831233,78.3499984741211
2024-08-14,0.1291,78.75218209366199,76.9800033569336
2024-08-15,-0.7722,77.8186043127505,78.16000366210938
2024-08-16,0.7579,77.97024016074761,76.6500015258789
2024-08-17,0.0,77.23108679463735,75.89000193277995
2024-08-18,0.0,76.39474480042486,75.13000233968098
2024-08-19,0.8225,75.53943195069996,74.37000274658203
2024-08-20,0.5061,74.70293800100899,74.04000091552734
2024-08-21,-0.34,74.11100067440952,71.93000030517578
2024-08-22,-0.0772,72.9323763449845,73.01000213623047
2024-08-23,0.3799,72.9078014762224,74.83000183105469
2024-08-24,0.7541,73.79806146607712,75.69333394368489
2024-08-25,-0.0976,74.77912533401559,76.55666605631511
2024-08-26,0.1312,75.7891602999041,77.41999816894531
2024-08-27,-0.0727,76.79729320238948,75.52999877929688
2024-08-28,0.3362,76.22946963827258,74.5199966430664
2024-08-29,0.2449,75.42000018445378,75.91000366210938
2024-08-30,0.804,75.76548144448066,73.55000305175781
2024-08-31,0.0,74.61753116233353,72.74750137329102
2024-09-01,0.5457,73.5476126383112,71.94499969482422
2024-09-02,0.7845,72.55250598822295,71.14249801635742
2024-09-03,0.0,71.62083289063662,70.33999633789062
2024-09-04,0.0314,70.76035617456523,69.19999694824219
2024-09-05,-0.9042,69.9972043225423,69.1500015258789
2024-09-06,0.2543,69.63145272566976,67.66999816894531
2024-09-07,0.0,68.6719822552086,68.01666514078777
2024-09-08,0.0,68.26222120785997,68.3633321126302
2024-09-09,0.1183,68.21698825378985,68.70999908447266
2024-09-10,-0.0729,68.40279574499209,65.75
2024-09-11,-0.2972,67.0462341701816,67.30999755859375
2024-09-12,0.1456,67.19077788920868,68.97000122070312
2024-09-13,0.252,68.0844306781089,68.6500015258789
2024-09-14,0.3464,68.30686729939248,69.12999979654948
2024-09-15,0.3798,68.68159998902797,69.60999806722005
2024-09-16,-0.0333,69.14837315995146,70.08999633789062
2024-09-17,0.0651,69.67022233206012,71.19000244140625
2024-09-18,0.041,70.4165700041001,70.91000366210938
2024-09-19,0.3151,70.67478428080108,71.94999694824219
2024-09-20,0.2457,71.47919204523305,71.91999816894531
2024-09-21,0.4278,71.56056682388453,71.40333302815755
2024-09-22,0.6557,71.38922916212505,70.8866678873698
2024-09-23,-0.2366,71.05998617891987,70.37000274658203
2024-09-24,-0.0436,70.63517367943496,71.55999755859375
2024-09-25,0.4141,71.07233125158587,69.69000244140625
2024-09-26,0.1008,70.30082708809027,67.66999816894531
2024-09-27,0.2955,68.99917645937626,68.18000030517578
2024-09-28,0.2121,68.69412321639288,68.17666625976562
2024-09-29,0.0734,68.48211650476196,68.17333221435547
2024-09-30,-0.0772,68.32643287720862,68.16999816894531
2024-10-01,0.0561,68.20522742373942,69.83000183105469
