Date,Predicted_Close
2021-01-04,48.86079329735673
2021-01-05,48.766635919058096
2021-01-06,49.899638235989634
2021-01-07,50.607159973315326
2021-01-08,51.02283549467574
2021-01-09,52.00193442108206
2021-01-10,52.51073638141724
2021-01-11,52.71788837750273
2021-01-12,52.72993739897788
2021-01-13,53.23172451804328
2021-01-14,53.298543009824584
2021-01-15,53.625121532312164
2021-01-16,53.14695825030731
2021-01-17,52.959367902154895
2021-01-18,52.955055510472334
2021-01-19,53.07997208351526
2021-01-20,53.304819033078275
2021-01-21,53.47824477270592
2021-01-22,53.50674428468824
2021-01-23,53.155880394824294
2021-01-24,53.021348707884044
2021-01-25,53.050983956071946
2021-01-26,53.186392006935534
2021-01-27,53.13733134676079
2021-01-28,53.26692317068921
2021-01-29,53.1453810572375
2021-01-30,53.02458562156801
2021-01-31,53.151616471699526
2021-02-01,53.44399453183951
2021-02-02,53.840665138700956
2021-02-03,54.54032579993702
2021-02-04,55.27914250606477
2021-02-05,55.86235156237842
2021-02-06,56.49667922763149
2021-02-07,57.03925722294332
2021-02-08,57.51816980265244
2021-02-09,57.95453353842436
2021-02-10,58.2886574363954
2021-02-11,58.59750956634093
2021-02-12,58.56326980516269
2021-02-13,59.22912561227963
2021-02-14,59.66825860565086
2021-02-15,59.963141311263826
2021-02-16,60.167647186086015
2021-02-17,60.32040960056156
2021-02-18,60.866288697647406
2021-02-19,60.777541458367295
2021-02-20,60.18334575896688
2021-02-21,60.15968524299774
2021-02-22,60.5500431476969
2021-02-23,61.25599162183585
2021-02-24,61.47141471181067
2021-02-25,62.48341985907541
2021-02-26,63.02052221731765
2021-02-27,62.39922342438376
2021-02-28,61.89539145616391
2021-03-01,61.48590812055181
2021-03-02,61.14843596220999
2021-03-03,60.66058813837367
2021-03-04,61.17349551655002
2021-03-05,62.7217960860678
2021-03-06,64.43376318560354
2021-03-07,65.29730783038713
2021-03-08,65.5660515737784
2021-03-09,65.45075928435995
2021-03-10,64.98946961027218
2021-03-11,64.90200875271512
2021-03-12,65.52598772589886
2021-03-13,65.5513538111179
2021-03-14,65.52011386067875
2021-03-15,65.45598078899138
2021-03-16,65.38332511089857
2021-03-17,65.0314329016328
2021-03-18,64.79857423046269
2021-03-19,62.601248233031356
2021-03-20,62.24522440670398
2021-03-21,61.961444930708694
2021-03-22,61.73616831393065
2021-03-23,61.56969584740477
2021-03-24,59.86683559689004
2021-03-25,60.85707443182264
2021-03-26,59.889411465133435
2021-03-27,60.700086083091946
2021-03-28,61.24241256588766
2021-03-29,61.57040584627839
2021-03-30,61.74777980842464
2021-03-31,61.262413050762916
2021-04-01,60.420068815150216
2021-04-02,61.086113256654244
2021-04-03,61.12465230990483
2021-04-04,60.749641908532794
2021-04-05,60.10328618118092
2021-04-06,59.28828345200759
2021-04-07,59.44812227592092
2021-04-08,59.64986675290993
2021-04-09,59.66520377654888
2021-04-10,59.52327211979855
2021-04-11,59.530275171419134
2021-04-12,59.6295256781691
2021-04-13,59.789228266136206
2021-04-14,60.04648627129154
2021-04-15,61.65720910340269
2021-04-16,62.55971722880781
2021-04-17,62.960117294697284
2021-04-18,63.21474751804362
2021-04-19,63.372576861750076
2021-04-20,63.480059163558735
2021-04-21,62.99832885769251
2021-04-22,62.24595012510986
2021-04-23,61.950692770644764
2021-04-24,62.07400988128052
2021-04-25,62.12692182685828
2021-04-26,62.12176320035587
2021-04-27,62.07375050899827
2021-04-28,62.60254771436462
2021-04-29,63.32660508966387
2021-04-30,64.27965675112
2021-05-01,63.99833214207888
2021-05-02,63.96697167522575
2021-05-03,64.10987270313194
2021-05-04,64.36546443786801
2021-05-05,65.0716906237435
2021-05-06,65.26227161290785
2021-05-07,65.06742539065772
2021-05-08,65.00997836002375
2021-05-09,64.95323608841932
2021-05-10,64.90290214613174
2021-05-11,64.85844206906427
2021-05-12,65.08046474266507
2021-05-13,65.6132154103941
2021-05-14,64.80936306943522
2021-05-15,65.24504824539804
2021-05-16,65.59939532161798
2021-05-17,65.88588117708355
2021-05-18,66.12689828549514
2021-05-19,65.84820407818506
2021-05-20,64.70866898563963
2021-05-21,63.43971236409857
2021-05-22,63.57818048390823
2021-05-23,64.08017326685399
2021-05-24,64.795354346272
2021-05-25,65.62116425387217
2021-05-26,65.90427826966857
2021-05-27,66.13246037999215
2021-05-28,66.57123182412147
2021-05-29,66.4970880303083
2021-05-30,66.6101036074715
2021-05-31,66.86256715528839
2021-06-01,67.214938810288
2021-06-02,67.62957553255842
2021-06-03,68.23489018110877
2021-06-04,68.5336765705656
2021-06-05,69.08108832204653
2021-06-06,69.3106878101953
2021-06-07,69.33986064214264
2021-06-08,69.25259889866084
2021-06-09,69.60604734162007
2021-06-10,69.72436564099803
2021-06-11,69.9744686390543
2021-06-12,70.43629015731676
2021-06-13,70.74370395006076
2021-06-14,70.92835081579801
2021-06-15,71.02310029647833
2021-06-16,71.60822582576634
2021-06-17,71.78595347738838
2021-06-18,71.42686696219289
2021-06-19,71.59702827895512
2021-06-20,71.99541886463771
2021-06-21,72.54698057263454
2021-06-22,73.20172529036768
2021-06-23,72.93115284139049
2021-06-24,72.9492198237981
2021-06-25,73.03390094406768
2021-06-26,73.48536591049469
2021-06-27,73.57098234293358
2021-06-28,73.40989905604988
2021-06-29,73.09020306876891
2021-06-30,73.0493584841206
2021-07-01,73.16765058427814
2021-07-02,74.20767317786931
2021-07-03,74.66361297114554
2021-07-04,74.69053267013601
2021-07-05,74.4680881890863
2021-07-06,74.12099305708102
2021-07-07,73.75392625934296
2021-07-08,73.06124245050705
2021-07-09,73.10188530115806
2021-07-10,73.86899061554368
2021-07-11,74.1818695656691
2021-07-12,74.19600928493446
2021-07-13,74.02845741052693
2021-07-14,74.55881870935286
2021-07-15,73.70544722186173
2021-07-16,72.66595647244526
2021-07-17,72.28321730104676
2021-07-18,71.15588056553293
2021-07-19,69.58263309832296
2021-07-20,67.76406137086292
2021-07-21,67.35684688773995
2021-07-22,68.80288928000255
2021-07-23,70.2147102505412
2021-07-24,71.08721764863344
2021-07-25,71.55904726909966
2021-07-26,71.76209646726602
2021-07-27,71.80389732345998
2021-07-28,71.70296744668053
2021-07-29,72.04080639410836
2021-07-30,72.82467658964629
2021-07-31,73.33446364066958
2021-08-01,73.14333770772032
2021-08-02,72.51990891816558
2021-08-03,71.64876911937972
2021-08-04,71.02064018968008
2021-08-05,69.62140532463536
2021-08-06,69.44048136812103
2021-08-07,68.86517530664969
2021-08-08,68.26260895632231
2021-08-09,67.64351875767056
2021-08-10,67.01313669501405
2021-08-11,67.70660910038487
2021-08-12,68.41714243809884
2021-08-13,68.70427803423104
2021-08-14,68.59336887439031
2021-08-15,68.29282189732066
2021-08-16,67.88969187266252
2021-08-17,67.44312092061159
2021-08-18,66.94427466403931
2021-08-19,66.24219319483564
2021-08-20,65.06502292214441
2021-08-21,63.656631429559866
2021-08-22,63.43904428397764
2021-08-23,64.02604043760425
2021-08-24,65.12067268625697
2021-08-25,66.38965288709642
2021-08-26,67.37352531146485
2021-08-27,67.46870969920428
2021-08-28,68.18598409633455
2021-08-29,68.62222993561454
2021-08-30,68.8744472107594
2021-08-31,69.01533875845871
2021-09-01,68.74720545690343
2021-09-02,68.63981223244423
2021-09-03,69.35087479441086
2021-09-04,69.31661145393423
2021-09-05,69.16533191533495
2021-09-06,68.95156461609122
2021-09-07,68.71461886653424
2021-09-08,68.46227059528724
2021-09-09,68.90410210836262
2021-09-10,68.5027641103818
2021-09-11,69.21482486264676
2021-09-12,69.72587209617268
2021-09-13,70.08956181439748
2021-09-14,70.35555463964374
2021-09-15,70.38886956834085
2021-09-16,71.53953146980234
2021-09-17,72.01568920148338
2021-09-18,72.00863637134398
2021-09-19,71.6870933390228
2021-09-20,71.19085652480521
2021-09-21,70.61327113115658
2021-09-22,70.38461743486528
2021-09-23,71.10742510735008
2021-09-24,72.08375215623505
2021-09-25,72.96279101998016
2021-09-26,73.74029742487596
2021-09-27,74.43689277732187
2021-09-28,75.07560095223062
2021-09-29,75.25425343633378
2021-09-30,75.23263907948012
2021-10-01,75.19695312133422
2021-10-02,75.56920736471716
2021-10-03,76.0524546054462
2021-10-04,76.61190751863614
2021-10-05,77.22458414812695
2021-10-06,78.09976386670292
2021-10-07,77.70521670665721
2021-10-08,78.04480314208763
2021-10-09,78.5934095780201
2021-10-10,79.20077562553001
2021-10-11,79.81055462124141
2021-10-12,80.3979097041879
2021-10-13,80.6346249006051
2021-10-14,80.6065602956819
2021-10-15,81.03623799040042
2021-10-16,81.69308388561194
2021-10-17,82.03081803615805
2021-10-18,82.18152643175199
2021-10-19,82.23414494606095
2021-10-20,82.5064753627289
2021-10-21,82.6745014430262
2021-10-22,82.2083387139387
2021-10-23,82.85704713128507
2021-10-24,83.25255580272051
2021-10-25,83.4848695301057
2021-10-26,83.61238113593208
2021-10-27,84.18407956475039
2021-10-28,83.35228575520432
2021-10-29,83.11757217922786
2021-10-30,83.22932233404435
2021-10-31,83.4020695138629
2021-11-01,83.59571843173944
2021-11-02,83.7914580474062
2021-11-03,83.68517304997113
2021-11-04,82.08444260053147
2021-11-05,80.53923353902428
2021-11-06,80.92384333476139
2021-11-07,81.26026752428606
2021-11-08,81.54071445944282
2021-11-09,81.7668975692477
2021-11-10,82.90988571904563
2021-11-11,81.90672804851965
2021-11-12,81.71038585078304
2021-11-13,81.1913059362737
2021-11-14,80.86947471252779
2021-11-15,80.68798747277424
2021-11-16,80.59951270538659
2021-11-17,80.50311005389722
2021-11-18,79.33630943265166
2021-11-19,79.14287534838263
2021-11-20,77.31626832001712
2021-11-21,76.54047534413735
2021-11-22,76.36646798181619
2021-11-23,76.52246076017059
2021-11-24,77.52487961268048
2021-11-25,77.94399378172216
2021-11-26,75.56926238308006
2021-11-27,71.6145791367203
2021-11-28,69.84734478169025
2021-11-29,69.45647599219274
2021-11-30,69.90207495316577
2021-12-01,68.18265679534011
2021-12-02,67.11414254953274
2021-12-03,66.94414366793717
2021-12-04,66.6263785632018
2021-12-05,66.98993204548037
2021-12-06,67.77263375578718
2021-12-07,68.80636329663139
2021-12-08,70.47917828115851
2021-12-09,71.35376851727483
2021-12-10,71.14104394700416
2021-12-11,71.49444261144458
2021-12-12,71.57667410460408
2021-12-13,71.49747124132614
2021-12-14,71.32732040425208
2021-12-15,71.0176953973039
2021-12-16,70.96998137705918
2021-12-17,71.65495737524498
2021-12-18,71.25352767999266
2021-12-19,70.50429809370553
2021-12-20,69.6010747295827
2021-12-21,68.66819646785666
2021-12-22,69.76299639152012
2021-12-23,71.14585936371896
2021-12-24,72.34982619906464
2021-12-25,73.32707808043074
2021-12-26,74.13166137963958
2021-12-27,74.81947737331984
2021-12-28,75.43345610406595
2021-12-29,75.69786387647628
2021-12-30,76.10406182984661
2021-12-31,76.48177861068893
2022-01-01,75.7819057357674
2022-01-02,75.46917350127637
2022-01-03,75.44010022636667
2022-01-04,75.61010434780633
2022-01-05,76.20284599047295
2022-01-06,76.91838599921084
2022-01-07,78.24901034579693
2022-01-08,78.53967235699884
2022-01-09,78.59763551227525
2022-01-10,78.50490337156793
2022-01-11,78.32217952861015
2022-01-12,79.82196176181606
2022-01-13,81.19407257395096
2022-01-14,81.56021715912993
2022-01-15,82.8118534760456
2022-01-16,83.69351488175562
2022-01-17,84.32735786143076
2022-01-18,84.80662544057668
2022-01-19,85.19848718052845
2022-01-20,85.93890334906337
2022-01-21,86.0763130203677
2022-01-22,85.48839203425996
2022-01-23,84.87577042313205
2022-01-24,84.24487747567719
2022-01-25,83.5977200521802
2022-01-26,84.47139593550355
2022-01-27,85.94570990653074
2022-01-28,86.25738631243848
2022-01-29,86.47565201782982
2022-01-30,86.79088103802769
2022-01-31,87.15683698881958
2022-02-01,87.54832145999717
2022-02-02,87.67858398396857
2022-02-03,87.74228476851886
2022-02-04,88.91571117261083
2022-02-05,90.6040098964113
2022-02-06,91.31905473988309
2022-02-07,91.44046192734959
2022-02-08,91.2206766671734
2022-02-09,90.06249296952683
2022-02-10,89.68092752320354
2022-02-11,89.59477400674587
2022-02-12,91.37084011898241
2022-02-13,92.74168288884857
2022-02-14,93.79820313154369
2022-02-15,94.63037944970802
2022-02-16,93.17960809815804
2022-02-17,93.41945672133852
2022-02-18,92.78779875664713
2022-02-19,91.80866053141017
2022-02-20,91.2121147619373
2022-02-21,91.01931993864673
2022-02-22,91.17410493293937
2022-02-23,91.60202204004509
2022-02-24,91.95441727434309
2022-02-25,92.62475576807537
2022-02-26,92.27444075187941
2022-02-27,92.671914364847
2022-02-28,93.57206718033558
2022-03-01,94.77485243083993
2022-03-02,99.62973041144096
2022-03-03,105.17702758875157
2022-03-04,106.51440347444213
2022-03-05,111.71525264049207
2022-03-06,114.67341709878248
2022-03-07,116.4392445556755
2022-03-08,117.61590918341246
2022-03-09,120.34807916628507
2022-03-10,113.24379375796254
2022-03-11,109.28091015560858
2022-03-12,108.88532812635594
2022-03-13,107.42285096311844
2022-03-14,105.39987815771792
2022-03-15,103.06905403259225
2022-03-16,98.92178555670534
2022-03-17,96.76296979338213
2022-03-18,99.88324454799704
2022-03-19,101.91517748678416
2022-03-20,104.35232852809759
2022-03-21,106.97033278803019
2022-03-22,109.63650693464297
2022-03-23,109.79170063677431
2022-03-24,112.13846960745288
2022-03-25,111.50336382535308
2022-03-26,112.05133624015117
2022-03-27,110.89809895532154
2022-03-28,108.80407386411844
2022-03-29,106.20393747251819
2022-03-30,104.81170041924997
2022-03-31,105.86729320954191
2022-04-01,102.15495799199152
2022-04-02,100.15566928185854
2022-04-03,99.84411863220885
2022-04-04,100.565236454976
2022-04-05,101.85955130196999
2022-04-06,101.46583989705596
2022-04-07,98.49185634947071
2022-04-08,96.84743608004419
2022-04-09,97.1043927941646
2022-04-10,96.57659377909658
2022-04-11,95.57076378808688
2022-04-12,94.27878591155513
2022-04-13,97.3764140600315
2022-04-14,100.58245458264173
2022-04-15,103.66198954949004
2022-04-16,105.46262005080052
2022-04-17,106.46942465281018
2022-04-18,107.02196621165103
2022-04-19,107.34157574150458
2022-04-20,104.4041925048582
2022-04-21,102.74048960919617
2022-04-22,102.67284846189341
2022-04-23,101.6308740263803
2022-04-24,100.51583520493568
2022-04-25,99.3685713423638
2022-04-26,98.20723325857762
2022-04-27,99.67066931328281
2022-04-28,100.45398932519174
2022-04-29,102.68388881338205
2022-04-30,103.45073475548543
2022-05-01,103.9129780811968
2022-05-02,104.1741214307417
2022-05-03,104.31585397341678
2022-05-04,102.86057635595307
2022-05-05,105.0683165435048
2022-05-06,106.26818844069749
2022-05-07,107.54008723469269
2022-05-08,106.9832594833897
2022-05-09,105.38950850627225
2022-05-10,103.23606358313691
2022-05-11,100.97578871878159
2022-05-12,103.34551868624385
2022-05-13,104.25641842195228
2022-05-14,107.19049531698056
2022-05-15,109.28247162914613
2022-05-16,110.86804320964576
2022-05-17,112.16227421913437
2022-05-18,111.67097071812351
2022-05-19,110.08019073260267
2022-05-20,110.65858044231847
2022-05-21,111.06986104445197
2022-05-22,110.90602683942326
2022-05-23,110.35272026334589
2022-05-24,109.56836276230797
2022-05-25,108.86581494698066
2022-05-26,108.87289397634049
2022-05-27,110.9034802751976
2022-05-28,112.20431348823423
2022-05-29,112.87004615901516
2022-05-30,113.2029229740938
2022-05-31,113.37474794135325
2022-06-01,113.47202564680494
2022-06-02,113.84266601820947
2022-06-03,114.71133261058687
2022-06-04,116.13774916682634
2022-06-05,116.62602403795564
2022-06-06,116.6288692732942
2022-06-07,116.39330684257585
2022-06-08,116.74479558384702
2022-06-09,118.49209495205288
2022-06-10,118.87497035939761
2022-06-11,118.62703665679284
2022-06-12,118.57511504174728
2022-06-13,118.62588389109398
2022-06-14,118.73551714889983
2022-06-15,117.7973597442574
2022-06-16,115.52427346111246
2022-06-17,115.76890606194321
2022-06-18,111.80436666885818
2022-06-19,109.61573619268711
2022-06-20,108.61587438409106
2022-06-21,108.37426517329777
2022-06-22,108.59368888423205
2022-06-23,106.50913743113597
2022-06-24,105.05946120699991
2022-06-25,106.1104429344964
2022-06-26,106.98386206545956
2022-06-27,107.7202697532689
2022-06-28,108.34984749985824
2022-06-29,109.50327865891904
2022-06-30,109.0438176904172
2022-07-01,106.69862067296435
2022-07-02,107.16092163696067
2022-07-03,106.1470327657471
2022-07-04,104.3651451867313
2022-07-05,102.18480938374796
2022-07-06,99.80806850489898
2022-07-07,98.74368325623118
2022-07-08,100.7834759611469
2022-07-09,102.60650155607982
2022-07-10,103.36072995362474
2022-07-11,103.47798194473125
2022-07-12,103.2372792269648
2022-07-13,98.93397343404877
2022-07-14,97.33346305806072
2022-07-15,95.91173092243389
2022-07-16,96.40810135267566
2022-07-17,97.63961142845801
2022-07-18,99.2654931295092
2022-07-19,101.06408009162624
2022-07-20,102.36421116555539
2022-07-21,101.60388358949467
2022-07-22,98.46695661037529
2022-07-23,96.17698230974202
2022-07-24,95.26172826359834
2022-07-25,95.18534181651648
2022-07-26,95.58645188127957
2022-07-27,95.00191059460712
2022-07-28,95.8946804697789
2022-07-29,95.81480952638003
2022-07-30,97.12872663009875
2022-07-31,96.98144509253689
2022-08-01,95.93796158192708
2022-08-02,94.37229616910918
2022-08-03,94.25200506843294
2022-08-04,92.25915612668132
2022-08-05,90.15766425765605
2022-08-06,89.45205113353859
2022-08-07,89.36289518641979
2022-08-08,89.6422574738508
2022-08-09,90.12307080700202
2022-08-10,90.13329898265738
2022-08-11,90.82578105749599
2022-08-12,92.56579180257859
2022-08-13,92.16034314691251
2022-08-14,91.40455851567413
2022-08-15,90.4740041248001
2022-08-16,89.4707835761451
2022-08-17,87.90307462413375
2022-08-18,87.81139831200971
2022-08-19,89.20003559239103
2022-08-20,89.80756931491169
2022-08-21,89.95863925974754
2022-08-22,89.89132822262218
2022-08-23,89.74343886314637
2022-08-24,91.63660501101094
2022-08-25,93.0144639321079
2022-08-26,92.51114546860845
2022-08-27,92.58502727021732
2022-08-28,93.3362951558538
2022-08-29,94.50187227350534
2022-08-30,95.90109927878393
2022-08-31,93.40429785239849
2022-09-01,91.20279307930878
2022-09-02,88.71587399886903
2022-09-03,87.69831723679545
2022-09-04,87.12403556484287
2022-09-05,86.84949917381482
2022-09-06,86.76122352050243
2022-09-07,86.76926144132995
2022-09-08,84.20429488323316
2022-09-09,83.88668173397627
2022-09-10,85.42633656075259
2022-09-11,86.4483629098313
2022-09-12,87.1095159568813
2022-09-13,87.53068938464867
2022-09-14,87.21267800724127
2022-09-15,87.6982595985105
2022-09-16,86.18245654201246
2022-09-17,85.65686350130454
2022-09-18,85.34930561284818
2022-09-19,85.2197347482961
2022-09-20,85.2154380761458
2022-09-21,84.41667100387212
2022-09-22,83.4634542873273
2022-09-23,83.38712547853038
2022-09-24,80.85583015852853
2022-09-25,79.13584085769753
2022-09-26,77.93570434837852
2022-09-27,77.05797020581076
2022-09-28,77.7568710896544
2022-09-29,79.95783091895919
2022-09-30,80.47898581172649
2022-10-01,79.94248341563207
2022-10-02,80.3026912574619
2022-10-03,81.24987167361996
2022-10-04,82.56065535057542
2022-10-05,84.63464327799466
2022-10-06,86.15385223314843
2022-10-07,87.26164435022247
2022-10-08,89.97204278091885
2022-10-09,91.18965679018584
2022-10-10,91.42103258547968
2022-10-11,91.0500411445214
2022-10-12,89.97222093561777
2022-10-13,88.51896589797116
2022-10-14,88.72237140553534
2022-10-15,86.88884516305461
2022-10-16,85.86478575447063
2022-10-17,85.36515090136345
2022-10-18,85.19198977386213
2022-10-19,83.82147187432929
2022-10-20,84.54560260744574
2022-10-21,84.88146613365325
2022-10-22,84.76039429620823
2022-10-23,84.63051952069918
2022-10-24,84.48433835039532
2022-10-25,84.31759603189903
2022-10-26,84.65010605789166
2022-10-27,86.24064501058456
2022-10-28,87.4894989702907
2022-10-29,87.5355257607398
2022-10-30,87.28543324237171
2022-10-31,86.8726854838942
2022-11-01,86.3799986640447
2022-11-02,87.31616492793455
2022-11-03,88.45860289410348
2022-11-04,88.14408125285718
2022-11-05,90.4404691226514
2022-11-06,91.60618771609325
2022-11-07,92.02687383836064
2022-11-08,91.98655847796499
2022-11-09,90.23015226073812
2022-11-10,87.85163507474408
2022-11-11,87.01397787966607
2022-11-12,87.93364911437402
2022-11-13,87.88293266346818
2022-11-14,87.2183213193216
2022-11-15,86.1822574279372
2022-11-16,86.51629748840287
2022-11-17,85.85841934390646
2022-11-18,83.65066867666656
2022-11-19,81.74125377229211
2022-11-20,80.4266345294659
2022-11-21,79.5884219109148
2022-11-22,79.10386208924228
2022-11-23,79.83100049286395
2022-11-24,78.65663615668063
2022-11-25,77.78133330176865
2022-11-26,77.0718400731057
2022-11-27,76.78753923262389
2022-11-28,76.79227867159943
2022-11-29,76.98343342369117
2022-11-30,77.68404249670675
2022-12-01,79.09264882289881
2022-12-02,80.20238492212866
2022-12-03,80.03874983117521
2022-12-04,79.45431334138448
2022-12-05,78.64254359601205
2022-12-06,77.72400678754866
2022-12-07,75.86365778319305
2022-12-08,73.88091912060486
2022-12-09,72.71943694110632
2022-12-10,71.78089702784564
2022-12-11,71.6199761761286
2022-12-12,71.9492689378526
2022-12-13,72.57072492610905
2022-12-14,74.0057636457916
2022-12-15,75.67059310793206
2022-12-16,75.86399575313658
2022-12-17,75.1443922453102
2022-12-18,74.82425873104808
2022-12-19,74.80205227181273
2022-12-20,74.99079931554706
2022-12-21,75.28067535013611
2022-12-22,76.66616872406598
2022-12-23,76.97810712217802
2022-12-24,78.21040579449527
2022-12-25,78.93947246074049
2022-12-26,79.32557823196407
2022-12-27,79.49151099454912
2022-12-28,79.5254049260177
2022-12-29,79.12721607433241
2022-12-30,78.64935801324555
2022-12-31,79.36038127638153
2023-01-01,79.34412728002758
2023-01-02,78.8681503229675
2023-01-03,78.11710513070466
2023-01-04,77.226420713479
2023-01-05,74.91874359960207
2023-01-06,74.28806024591063
2023-01-07,73.95713527275393
2023-01-08,73.97334211051111
2023-01-09,74.20450569211948
2023-01-10,74.56123427747639
2023-01-11,74.78967838000426
2023-01-12,76.16071764402363
2023-01-13,77.22167865458141
2023-01-14,78.56417910778782
2023-01-15,79.3399668438235
2023-01-16,79.74897597354584
2023-01-17,79.93708637622376
2023-01-18,80.0026053866718
2023-01-19,79.7808394654312
2023-01-20,80.13936531730951
2023-01-21,80.45266083503975
2023-01-22,80.7208779741004
2023-01-23,80.93928515528205
2023-01-24,81.11716214246053
2023-01-25,80.50374931487568
2023-01-26,80.24833835476056
2023-01-27,80.54986518267424
2023-01-28,79.98402489954378
2023-01-29,79.38637614289087
2023-01-30,78.7619858419464
2023-01-31,78.12006826253514
2023-02-01,78.40982640063226
2023-02-02,77.25855929717886
2023-02-03,76.44641228303226
2023-02-04,74.93453648967647
2023-02-05,74.18912150988376
2023-02-06,73.93370269000252
2023-02-07,73.97569480050561
2023-02-08,75.5171573734915
2023-02-09,76.85753568984319
2023-02-10,77.3717792282614
2023-02-11,78.65261719626687
2023-02-12,79.38237028208732
2023-02-13,79.75038025176082
2023-02-14,79.89463839928521
2023-02-15,79.45844495844608
2023-02-16,78.93319774744782
2023-02-17,78.6942818165146
2023-02-18,77.45022493406896
2023-02-19,76.61333799607155
2023-02-20,76.10388629506974
2023-02-21,75.84081730282333
2023-02-22,75.7571658119166
2023-02-23,74.73889381112531
2023-02-24,75.07377486656674
2023-02-25,75.58128520533478
2023-02-26,75.79564198703815
2023-02-27,75.7995561505702
2023-02-28,75.66137622218525
2023-03-01,76.36267695462016
2023-03-02,76.93730445628239
2023-03-03,77.4814517848979
2023-03-04,78.51468878039805
2023-03-05,79.21858585557743
2023-03-06,79.692453775393
2023-03-07,80.01563163906894
2023-03-08,78.67719468495102
2023-03-09,77.63741836403187
2023-03-10,76.67426952302253
2023-03-11,76.5879535713982
2023-03-12,76.22297223160626
2023-03-13,75.67910523464934
2023-03-14,75.02403564658289
2023-03-15,73.09973958500495
2023-03-16,70.40492969046363
2023-03-17,69.36699779466267
2023-03-18,68.0910066824365
2023-03-19,67.47970289209616
2023-03-20,67.29739823666523
2023-03-21,67.38090301193756
2023-03-22,68.15275300514281
2023-03-23,69.34562447063695
2023-03-24,69.67990032408647
2023-03-25,69.50895565063342
2023-03-26,70.01832089420782
2023-03-27,70.97280041317731
2023-03-28,72.19883485189007
2023-03-29,72.73126326920783
2023-03-30,72.87202120088295
2023-03-31,73.68857230398362
2023-04-01,74.63573962053147
2023-04-02,75.81011181648091
2023-04-03,77.15482610381355
2023-04-04,78.62331860806148
2023-04-05,79.74076775778553
2023-04-06,80.20050381810188
2023-04-07,80.64286193550788
2023-04-08,80.59198304943538
2023-04-09,80.3106977392249
2023-04-10,79.95018074659401
2023-04-11,79.59038161260287
2023-04-12,80.34437945700802
2023-04-13,81.61910776680952
2023-04-14,81.73149718260447
2023-04-15,82.03070275958817
2023-04-16,81.92477931139501
2023-04-17,81.56297855696312
2023-04-18,81.05023361395342
2023-04-19,80.91130438786422
2023-04-20,79.95933999405588
2023-04-21,78.36711381156738
2023-04-22,77.976376018172
2023-04-23,77.91677279169676
2023-04-24,78.05786083354928
2023-04-25,78.3091585160571
2023-04-26,77.5519617468376
2023-04-27,75.88045148348783
2023-04-28,75.33874854213832
2023-04-29,76.02973464149045
2023-04-30,76.23320826702775
2023-05-01,76.0990001404598
2023-05-02,75.74446180993073
2023-05-03,73.58350819022053
2023-05-04,71.07072523937359
2023-05-05,69.86405464447967
2023-05-06,70.5662802093957
2023-05-07,71.30417339300334
2023-05-08,72.01967934275467
2023-05-09,72.6922447702234
2023-05-10,73.14962814054525
2023-05-11,72.79073025973685
2023-05-12,71.8287970625554
2023-05-13,70.92041769185221
2023-05-14,70.56402183659475
2023-05-15,70.5738282048012
2023-05-16,70.814551881944
2023-05-17,70.72176996271787
2023-05-18,71.78048570008491
2023-05-19,71.79333117786109
2023-05-20,71.76718173595123
2023-05-21,71.73114732817362
2023-05-22,71.71848000509635
2023-05-23,71.7450198153906
2023-05-24,72.25469420976606
2023-05-25,73.11043410678394
2023-05-26,72.39309159168056
2023-05-27,72.6162958501227
2023-05-28,72.30491025556171
2023-05-29,71.66392798831976
2023-05-30,70.83494273520364
2023-05-31,69.90062613627606
2023-06-01,68.93924312272361
2023-06-02,69.66928701989082
2023-06-03,70.67200192359155
2023-06-04,71.22391470114212
2023-06-05,71.46560774944078
2023-06-06,71.50940236630936
2023-06-07,71.57666624483795
2023-06-08,72.09513309758927
2023-06-09,71.63397965944773
2023-06-10,70.9759652790051
2023-06-11,70.04777667773578
2023-06-12,68.97177993457399
2023-06-13,67.8273089088998
2023-06-14,68.59850130167229
2023-06-15,68.39287934005984
2023-06-16,69.54475950527126
2023-06-17,70.63575006228439
2023-06-18,71.07866884300756
2023-06-19,71.11260731315087
2023-06-20,70.91548699856753
2023-06-21,70.60266306680501
2023-06-22,71.5521673538151
2023-06-23,70.48051706132242
2023-06-24,69.8272342600892
2023-06-25,69.44713335018787
2023-06-26,69.25681173330577
2023-06-27,69.19309260930117
2023-06-28,68.41990121600998
2023-06-29,68.97541638636949
2023-06-30,69.40707474215242
2023-07-01,69.99487521184619
2023-07-02,70.21883138791463
2023-07-03,70.20190145167362
2023-07-04,70.03612850433319
2023-07-05,70.41048130527247
2023-07-06,71.14253992249064
2023-07-07,71.4242339405398
2023-07-08,72.67691298642853
2023-07-09,73.22981871443335
2023-07-10,73.31480112573786
2023-07-11,73.10607193658257
2023-07-12,73.95938316586671
2023-07-13,74.78650827433239
2023-07-14,75.76812494582191
2023-07-15,75.50769421507266
2023-07-16,75.16671398111544
2023-07-17,74.79148088636975
2023-07-18,74.40987876113786
2023-07-19,75.0832275452974
2023-07-20,75.18559313935634
2023-07-21,75.22715820256644
2023-07-22,76.03571068367023
2023-07-23,76.81376989211708
2023-07-24,77.5531040328483
2023-07-25,78.25468509694178
2023-07-26,78.9209731911958
2023-07-27,78.84252748538825
2023-07-28,79.48877055609228
2023-07-29,80.01378197410668
2023-07-30,80.48404226126922
2023-07-31,80.92439875823447
2023-08-01,81.35049763944244
2023-08-02,81.22981879030385
2023-08-03,80.12108350129438
2023-08-04,80.75369511760937
2023-08-05,81.67447719926349
2023-08-06,82.04823003805495
2023-08-07,82.06438447737128
2023-08-08,81.86046546508669
2023-08-09,82.12183412792729
2023-08-10,83.10654754727148
2023-08-11,82.86969611490804
2023-08-12,82.99868011692251
2023-08-13,82.91156770899715
2023-08-14,82.69667122335295
2023-08-15,82.41091632613734
2023-08-16,81.5152278578098
2023-08-17,80.24905097355622
2023-08-18,80.27849365747397
2023-08-19,80.7101153343483
2023-08-20,80.83621218227154
2023-08-21,80.7746230548878
2023-08-22,80.60383557675732
2023-08-23,80.19464043256994
2023-08-24,79.32891601264669
2023-08-25,79.04585963513523
2023-08-26,79.31840750533274
2023-08-27,79.57191378212269
2023-08-28,79.76731018800183
2023-08-29,79.89894555112369
2023-08-30,80.4955122799729
2023-08-31,80.94822432929232
2023-09-01,82.21363619630938
2023-09-02,83.82406035730764
2023-09-03,84.90209539981879
2023-09-04,85.61325751882305
2023-09-05,86.08774636016278
2023-09-06,86.43466595739119
2023-09-07,87.03429275518647
2023-09-08,86.86480999823334
2023-09-09,87.10189722358064
2023-09-10,87.1431976746644
2023-09-11,87.07793017673248
2023-09-12,86.96093493798617
2023-09-13,87.72762892461105
2023-09-14,87.88201569075318
2023-09-15,88.89458412125714
2023-09-16,89.58476590454211
2023-09-17,90.15439459494655
2023-09-18,90.61500308930317
2023-09-19,90.99526381444912
2023-09-20,90.9837728363691
2023-09-21,90.1036100260676
2023-09-22,89.70450158174526
2023-09-23,89.65153199788256
2023-09-24,89.58918309310639
2023-09-25,89.48346399883258
2023-09-26,89.32964313585171
2023-09-27,89.66963041935469
2023-09-28,91.55729997077333
2023-09-29,91.47185383326723
2023-09-30,91.10082047355627
2023-10-01,90.50212112816416
2023-10-02,89.79161922951471
2023-10-03,89.03270641135714
2023-10-04,88.93670722786237
2023-10-05,86.20778594832291
2023-10-06,84.03883632653788
2023-10-07,83.21202036887325
2023-10-08,83.3460870196509
2023-10-09,84.0662302314181
2023-10-10,85.11557188771576
2023-10-11,85.42142158700017
2023-10-12,84.33531718459699
2023-10-13,83.68622625863236
2023-10-14,85.76232060337406
2023-10-15,86.70107011039818
2023-10-16,86.89505437829621
2023-10-17,86.6283620338645
2023-10-18,86.47763791873831
2023-10-19,87.29449293279595
2023-10-20,88.24544079685165
2023-10-21,88.01651724858993
2023-10-22,87.45965805822243
2023-10-23,86.66931665523862
2023-10-24,85.73414596172506
2023-10-25,84.4036028327223
2023-10-26,84.70996079688302
2023-10-27,83.73931635890904
2023-10-28,84.5936310183356
2023-10-29,84.51847593461389
2023-10-30,83.85099315590833
2023-10-31,82.82317153927079
2023-11-01,81.78130190063939
2023-11-02,81.03949717342175
2023-11-03,81.62463580231997
2023-11-04,80.81333502299321
2023-11-05,80.49373073298375
2023-11-06,80.44474867047029
2023-11-07,80.53914446167482
2023-11-08,78.77486013886505
2023-11-09,77.00075634823861
2023-11-10,76.35458401542974
2023-11-11,76.72899445465396
2023-11-12,77.11326366052549
2023-11-13,77.48684882430621
2023-11-14,77.84182730173848
2023-11-15,77.96255068955179
2023-11-16,77.22501381534198
2023-11-17,75.1060051475381
2023-11-18,75.59380843269969
2023-11-19,76.08579835328578
2023-11-20,76.59104245948674
2023-11-21,77.10957219036709
2023-11-22,77.27963918993578
2023-11-23,76.96790514574309
2023-11-24,76.49789637109666
2023-11-25,75.91335508442421
2023-11-26,75.4861715554905
2023-11-27,75.1673349026396
2023-11-28,74.91990422506706
2023-11-29,75.60581553542215
2023-11-30,76.60532365454242
2023-12-01,76.18496764245242
2023-12-02,75.23501010892892
2023-12-03,74.45404016709244
2023-12-04,73.8081141069556
2023-12-05,73.26192323914665
2023-12-06,72.71863786488325
2023-12-07,71.04794763713289
2023-12-08,70.26218847780206
2023-12-09,70.69816708503367
2023-12-10,70.9696093481291
2023-12-11,71.11263613229335
2023-12-12,71.16325040623951
2023-12-13,69.87397104941192
2023-12-14,69.67760527237692
2023-12-15,70.61696522123702
2023-12-16,70.97097694743547
2023-12-17,71.37554530929515
2023-12-18,71.8070831486641
2023-12-19,72.25775689863417
2023-12-20,72.76721907932415
2023-12-21,73.353924421604
2023-12-22,73.5654647871113
2023-12-23,73.57615144912415
2023-12-24,73.83844232452384
2023-12-25,74.26217803604914
2023-12-26,74.7834167663218
2023-12-27,75.36284658508862
2023-12-28,74.73188813958268
2023-12-29,73.3315922061106
2023-12-30,72.51137321214992
2023-12-31,71.87116644183266
2024-01-01,71.36430584373124
2024-01-02,70.9502481242323
2024-01-03,70.6114450454927
2024-01-04,71.65147811877205
2024-01-05,71.818566266978
2024-01-06,72.8161146844102
2024-01-07,72.8959017903037
2024-01-08,72.37436962876222
2024-01-09,71.48160499343453
2024-01-10,71.91083730140576
2024-01-11,71.65696161560777
2024-01-12,71.9297059799585
2024-01-13,72.28602323755467
2024-01-14,72.46940730086726
2024-01-15,72.53107240599024
2024-01-16,72.51284036849393
2024-01-17,72.4452018411132
2024-01-18,72.54626533391684
2024-01-19,73.38965753834668
2024-01-20,73.42801319705427
2024-01-21,73.66123865731038
2024-01-22,74.06743661068072
2024-01-23,74.62560052222557
2024-01-24,74.43693469607456
2024-01-25,74.70583301486636
2024-01-26,75.99433687476926
2024-01-27,76.90298347752082
2024-01-28,77.21692873591769
2024-01-29,77.13707875189516
2024-01-30,76.81225033733222
2024-01-31,77.25994785586158
2024-02-01,76.46648350580267
2024-02-02,75.0772986617144
2024-02-03,73.66239928277537
2024-02-04,72.92066267353084
2024-02-05,72.61331699875996
2024-02-06,72.57344702511159
2024-02-07,72.86698309079452
2024-02-08,73.25784926037
2024-02-09,74.68559149716316
2024-02-10,75.65655032578229
2024-02-11,76.23478022025347
2024-02-12,76.54630205076069
2024-02-13,76.68954890837654
2024-02-14,77.20055160322772
2024-02-15,76.85393329703425
2024-02-16,77.51749667236368
2024-02-17,78.29711473442603
2024-02-18,78.55003938852246
2024-02-19,78.50283625307611
2024-02-20,78.30442693684768
2024-02-21,78.04338838418448
2024-02-22,77.97217890305933
2024-02-23,78.2032141084876
2024-02-24,77.24176821680612
2024-02-25,76.91042143620052
2024-02-26,76.979511400393
2024-02-27,77.29093367386258
2024-02-28,78.01241828571574
2024-02-29,78.19680053932666
2024-03-01,78.19193272417101
2024-03-02,79.07666991835936
2024-03-03,79.34468270350067
2024-03-04,79.20821358420972
2024-03-05,78.82108342346737
2024-03-06,78.38326039111757
2024-03-07,78.80301382113771
2024-03-08,78.72323981485442
2024-03-09,78.25737313695777
2024-03-10,77.98246471699963
2024-03-11,77.83679443149413
2024-03-12,77.7747965962717
2024-03-13,77.55024569789953
2024-03-14,78.53033233491601
2024-03-15,79.81934183977319
2024-03-16,80.35310903725485
2024-03-17,80.94842868321166
2024-03-18,81.58155904409114
2024-03-19,82.23789667442634
2024-03-20,82.77067878121989
2024-03-21,81.90411860616496
2024-03-22,81.33264549064234
2024-03-23,80.86004823301755
2024-03-24,80.80542809826784
2024-03-25,81.02820530941699
2024-03-26,81.42313235815891
2024-03-27,81.41420366383682
2024-03-28,81.30134266207415
2024-03-29,82.12993492688383
2024-03-30,82.68372880846118
2024-03-31,83.05184881486048
2024-04-01,83.29626134223963
2024-04-02,83.4626054325854
2024-04-03,84.18981719402427
2024-04-04,84.66134552345557
2024-04-05,85.51441833983381
2024-04-06,86.05933068568584
2024-04-07,86.3004316316028
2024-04-08,86.35390424049774
2024-04-09,86.29961421592543
2024-04-10,85.63720360629486
2024-04-11,85.76540163169648
2024-04-12,85.15403758314915
2024-04-13,85.30539047956563
2024-04-14,85.31648846933922
2024-04-15,85.23090085604281
2024-04-16,85.0813557058359
2024-04-17,85.07554471874482
2024-04-18,83.7014584853896
2024-04-19,83.18535480232094
2024-04-20,83.24026836833946
2024-04-21,83.06075130996214
2024-04-22,82.78380983049874
2024-04-23,82.4829694221603
2024-04-24,82.70955599995978
2024-04-25,82.53218203781353
2024-04-26,82.91592725927649
2024-04-27,83.26901939283789
2024-04-28,83.23835582524816
2024-04-29,82.98171874161699
2024-04-30,82.60105978832053
2024-05-01,82.07660379377921
2024-05-02,80.39488631415043
2024-05-03,79.60226295906728
2024-05-04,78.73292042680282
2024-05-05,78.31041345871563
2024-05-06,78.1745076226639
2024-05-07,78.21330604819673
2024-05-08,78.12138346340066
2024-05-09,78.4118096816187
2024-05-10,78.71470148891672
2024-05-11,78.35529796315404
2024-05-12,78.30504785837184
2024-05-13,78.4587403451726
2024-05-14,78.74146661250666
2024-05-15,78.22816100617979
2024-05-16,78.26320770334723
2024-05-17,78.65287394862708
2024-05-18,79.30869283439779
2024-05-19,79.60495885884939
2024-05-20,79.68257142944731
2024-05-21,79.63729131678042
2024-05-22,79.12539784843466
2024-05-23,78.2317555392226
2024-05-24,77.50619956851483
2024-05-25,77.50133437328122
2024-05-26,77.80029629751493
2024-05-27,78.28075070134628
2024-05-28,78.86034819512383
2024-05-29,79.4854904136946
2024-05-30,79.3089260074596
2024-05-31,78.50554001262435
2024-06-01,77.70223261545038
2024-06-02,76.75816728660129
2024-06-03,75.75072866345727
2024-06-04,74.7206932126935
2024-06-05,73.86349925894183
2024-06-06,73.95212860173001
2024-06-07,74.65697670861096
2024-06-08,74.96321677627975
2024-06-09,75.5603415485241
2024-06-10,76.33402024731527
2024-06-11,77.2094121795767
2024-06-12,77.44177830540275
2024-06-13,77.89680636580806
2024-06-14,78.17555559148104
2024-06-15,78.34494141131859
2024-06-16,78.7389148084369
2024-06-17,79.27623724013074
2024-06-18,79.90029743089781
2024-06-19,80.64350119648634
2024-06-20,81.08619466391383
2024-06-21,81.40857083144465
2024-06-22,81.01948096901424
2024-06-23,80.94202559373889
2024-06-24,81.07412730298438
2024-06-25,81.33760762299153
2024-06-26,80.93330125333614
2024-06-27,80.81894689600904
2024-06-28,81.17644573844655
2024-06-29,81.24761330081901
2024-06-30,81.59636160363334
2024-07-01,82.12956289795375
2024-07-02,82.7787900598646
2024-07-03,82.67519310244552
2024-07-04,83.1779142237192
2024-07-05,83.26662478409071
2024-07-06,83.09916460695467
2024-07-07,82.87374651438631
2024-07-08,82.59920488351418
2024-07-09,82.29061474577293
2024-07-10,81.67221358661845
2024-07-11,81.68061305668789
2024-07-12,81.93534283707186
2024-07-13,81.87333452216126
2024-07-14,81.83417192746447
2024-07-15,81.78815037685945
2024-07-16,81.72655076978754
2024-07-17,81.08876218751584
2024-07-18,81.95553719617828
2024-07-19,82.32711025983008
2024-07-20,81.21503719013799
2024-07-21,80.38299710791989
2024-07-22,79.80873639534366
2024-07-23,79.44670246784995
2024-07-24,78.06545598755156
2024-07-25,77.68903606812046
2024-07-26,77.81011314540956
2024-07-27,77.3499605174884
2024-07-28,76.8900253430968
2024-07-29,76.4277007998021
2024-07-30,75.96315980245913
2024-07-31,75.22326499841074
2024-08-01,76.59469725073654
2024-08-02,76.28027254660583
2024-08-03,74.80916012031503
2024-08-04,73.85504215058745
2024-08-05,73.25457697773845
2024-08-06,72.88574959238758
2024-08-07,72.91311729804738
2024-08-08,74.11933988627197
2024-08-09,75.07504028891344
2024-08-10,75.94653901701918
2024-08-11,76.9602785526763
2024-08-12,78.07105738087921
2024-08-13,79.24907650831233
2024-08-14,78.75218209366199
2024-08-15,77.8186043127505
2024-08-16,77.97024016074761
2024-08-17,77.23108679463735
2024-08-18,76.39474480042486
2024-08-19,75.53943195069996
2024-08-20,74.70293800100899
2024-08-21,74.11100067440952
2024-08-22,72.9323763449845
2024-08-23,72.9078014762224
2024-08-24,73.79806146607712
2024-08-25,74.77912533401559
2024-08-26,75.7891602999041
2024-08-27,76.79729320238948
2024-08-28,76.22946963827258
2024-08-29,75.42000018445378
2024-08-30,75.76548144448066
2024-08-31,74.61753116233353
2024-09-01,73.5476126383112
2024-09-02,72.55250598822295
2024-09-03,71.62083289063662
2024-09-04,70.76035617456523
2024-09-05,69.9972043225423
2024-09-06,69.63145272566976
2024-09-07,68.6719822552086
2024-09-08,68.26222120785997
2024-09-09,68.21698825378985
2024-09-10,68.40279574499209
2024-09-11,67.0462341701816
2024-09-12,67.19077788920868
2024-09-13,68.0844306781089
2024-09-14,68.30686729939248
2024-09-15,68.68159998902797
2024-09-16,69.14837315995146
2024-09-17,69.67022233206012
2024-09-18,70.4165700041001
2024-09-19,70.67478428080108
2024-09-20,71.47919204523305
2024-09-21,71.56056682388453
2024-09-22,71.38922916212505
2024-09-23,71.05998617891987
2024-09-24,70.63517367943496
2024-09-25,71.07233125158587
2024-09-26,70.30082708809027
2024-09-27,68.99917645937626
2024-09-28,68.69412321639288
2024-09-29,68.48211650476196
2024-09-30,68.32643287720862
2024-10-01,68.20522742373942
